,Storm ID,Name,Date,Year,Status,Max Latitude,Max Longitude,Max Windspeed,Max Pressure,Start Date,End Date,Duration,Landfall,Lf Latitude,Lf Longitude,Lf Windspeed,Nearest City,Storm Category,Category Value
2,AL011982,ALBERTO,1982-06-03 18:00:00,1982,HU,24.0N,83.6W,86.3085,985,1982-06-03 06:00:00,1982-06-04 18:00:00,1 days 12:00:00.000000000,,,,,,Category One,1
338,AL011985,ANA,1985-07-19 00:00:00,1985,TS,44.2N,60.3W,69.04679999999999,996,1985-07-16 18:00:00,1985-07-19 00:00:00,2 days 06:00:00.000000000,,,,,,Tropical Storm,0
586,AL011986,ANDREW,1986-06-06 12:00:00,1986,TS,30.7N,78.0W,51.78509999999999,1005,1986-06-06 00:00:00,1986-06-08 18:00:00,2 days 18:00:00.000000000,,,,,,Tropical Storm,0
854,AL011988,ALBERTO,1988-08-07 12:00:00,1988,TS,41.5N,69.0W,40.2773,1002,1988-08-07 12:00:00,1988-08-08 06:00:00,0 days 18:00:00.000000000,,,,,,Tropical Storm,0
1987,AL011991,ANA,1991-07-04 06:00:00,1991,TS,37.1N,67.8W,51.78509999999999,1002,1991-07-04 00:00:00,1991-07-05 12:00:00,1 days 12:00:00.000000000,,,,,,Tropical Storm,0
2693,AL011994,ALBERTO,1994-07-03 12:00:00,1994,TS,29.9N,86.7W,63.292899999999996,993,1994-07-02 00:00:00,1994-07-03 18:00:00,1 days 18:00:00.000000000,L,30.4,-86.5,63.292899999999996,"destin, us",Tropical Storm,0
2944,AL011995,ALLISON,1995-06-04 12:00:00,1995,HU,24.7N,86.2W,74.80069999999999,987,1995-06-03 12:00:00,1995-06-05 18:00:00,2 days 06:00:00.000000000,L,29.9,-84.4,69.04679999999999,"tallahassee, us",Category One,1
3544,AL011996,ARTHUR,1996-06-19 12:00:00,1996,TS,33.2N,78.1W,46.0312,1005,1996-06-19 00:00:00,1996-06-20 06:00:00,1 days 06:00:00.000000000,L,34.7,-76.4,40.2773,"havelock, us",Tropical Storm,0
4087,AL011998,ALEX,1998-07-30 18:00:00,1998,TS,15.1N,46.1W,51.78509999999999,1003,1998-07-29 00:00:00,1998-08-02 12:00:00,4 days 12:00:00.000000000,,,,,,Tropical Storm,0
4887,AL011999,ARLENE,1999-06-13 00:00:00,1999,TS,28.8N,57.5W,57.538999999999994,1006,1999-06-12 12:00:00,1999-06-16 18:00:00,4 days 06:00:00.000000000,,,,,,Tropical Storm,0
5929,AL012001,ALLISON,2001-06-05 18:00:00,2001,TS,28.5N,95.3W,57.538999999999994,1002,2001-06-05 12:00:00,2001-06-06 00:00:00,0 days 12:00:00.000000000,L,28.9,-95.3,51.78509999999999,"freeport, us",Tropical Storm,0
6265,AL012002,ARTHUR,2002-07-16 00:00:00,2002,TS,37.9N,65.1W,57.538999999999994,1000,2002-07-15 06:00:00,2002-07-16 18:00:00,1 days 12:00:00.000000000,,,,,,Tropical Storm,0
6784,AL012003,ANA,2003-04-21 00:00:00,2003,TS,31.4N,66.4W,57.538999999999994,995,2003-04-21 00:00:00,2003-04-24 00:00:00,3 days 00:00:00.000000000,,,,,,Tropical Storm,0
7159,AL012004,ALEX,2004-08-05 00:00:00,2004,HU,38.5N,66.0W,120.83189999999999,957,2004-08-01 18:00:00,2004-08-06 12:00:00,4 days 18:00:00.000000000,,,,,,Category Three,3
8102,AL012005,ARLENE,2005-06-11 00:00:00,2005,TS,26.5N,85.6W,69.04679999999999,990,2005-06-09 06:00:00,2005-06-11 19:00:00,2 days 13:00:00.000000000,L,21.8,-84.5,51.78509999999999,"mantua, cu",Tropical Storm,0
8924,AL012006,ALBERTO,2006-06-12 12:00:00,2006,TS,26.8N,86.3W,69.04679999999999,1000,2006-06-11 00:00:00,2006-06-14 00:00:00,3 days 00:00:00.000000000,L,29.9,-83.7,46.0312,"tallahassee, us",Tropical Storm,0
9505,AL012008,ARTHUR,2008-05-31 06:00:00,2008,TS,17.8N,88.0W,46.0312,1004,2008-05-31 00:00:00,2008-06-01 06:00:00,1 days 06:00:00.000000000,L,17.9,-88.2,46.0312,"san pedro, bz",Tropical Storm,0
10804,AL012010,ALEX,2010-07-01 02:00:00,2010,HU,24.2N,97.7W,109.32409999999999,946,2010-06-26 06:00:00,2010-07-01 18:00:00,5 days 12:00:00.000000000,L,17.5,-88.2,63.292899999999996,"belize, bz",Category Two,2
11344,AL012011,ARLENE,2011-06-30 06:00:00,2011,TS,21.6N,97.0W,63.292899999999996,994,2011-06-28 18:00:00,2011-06-30 18:00:00,2 days 00:00:00.000000000,L,21.6,-97.4,63.292899999999996,"tamiahua, mx",Tropical Storm,0
12030,AL012012,ALBERTO,2012-05-20 00:00:00,2012,TS,32.1N,78.1W,57.538999999999994,995,2012-05-19 12:00:00,2012-05-22 06:00:00,2 days 18:00:00.000000000,,,,,,Tropical Storm,0
12660,AL012013,ANDREA,2013-06-06 12:00:00,2013,TS,27.8N,84.9W,63.292899999999996,995,2013-06-05 18:00:00,2013-06-07 12:00:00,1 days 18:00:00.000000000,L,29.5,-83.4,57.538999999999994,"lake city, us",Tropical Storm,0
12833,AL012014,ARTHUR,2014-07-04 00:00:00,2014,HU,34.0N,77.3W,97.8163,975,2014-07-01 12:00:00,2014-07-05 06:00:00,3 days 18:00:00.000000000,L,34.7,-76.6,97.8163,"havelock, us",Category Two,2
13081,AL012015,ANA,2015-05-09 06:00:00,2015,TS,32.2N,77.5W,57.538999999999994,998,2015-05-09 06:00:00,2015-05-10 12:00:00,1 days 06:00:00.000000000,L,33.8,-78.8,46.0312,"north myrtle beach, us",Tropical Storm,0
13333,AL012016,ALEX,2016-01-14 12:00:00,2016,HU,30.8N,28.7W,86.3085,981,2016-01-14 06:00:00,2016-01-15 13:01:05,1 days 07:01:05.000000000,L,38.7,-27.1,63.292899999999996,"praia da vitoria, pt",Category One,1
13847,AL012017,ARLENE,2017-04-21 00:00:00,2017,TS,39.0N,43.0W,51.78509999999999,990,2017-04-20 06:00:00,2017-04-21 06:00:00,1 days 00:00:00.000000000,,,,,,Tropical Storm,0
347,AL021985,BOB,1985-07-24 18:00:00,1985,HU,30.5N,80.5W,74.80069999999999,1003,1985-07-22 18:00:00,1985-07-25 12:00:00,2 days 18:00:00.000000000,L,32.2,-80.5,74.80069999999999,"hilton head island, us",Category One,1
603,AL021986,BONNIE,1986-06-26 06:00:00,1986,HU,29.0N,93.7W,86.3085,995,1986-06-08 18:00:00,1986-06-26 18:00:00,18 days 00:00:00.000000000,L,29.6,-94.2,86.3085,"port arthur, us",Category One,1
722,AL021987,ARLENE,1987-08-22 06:00:00,1987,HU,36.5N,43.0W,74.80069999999999,988,1987-08-11 18:00:00,1987-08-23 18:00:00,12 days 00:00:00.000000000,,,,,,Category One,1
860,AL021988,BERYL,1988-08-09 00:00:00,1988,TS,29.3N,89.1W,51.78509999999999,1002,1988-08-08 12:00:00,1988-08-09 18:00:00,1 days 06:00:00.000000000,,,,,,Tropical Storm,0
1241,AL021989,ALLISON,1989-06-26 18:00:00,1989,TS,29.1N,95.7W,51.78509999999999,1001,1989-06-26 00:00:00,1989-06-27 06:00:00,1 days 06:00:00.000000000,L,28.7,-95.7,46.0312,"bay city, us",Tropical Storm,0
1705,AL021990,ARTHUR,1990-07-25 18:00:00,1990,TS,13.1N,63.7W,69.04679999999999,995,1990-07-24 12:00:00,1990-07-27 00:00:00,2 days 12:00:00.000000000,,,,,,Tropical Storm,0
2456,AL021993,ARLENE,1993-06-19 12:00:00,1993,TS,25.9N,95.9W,40.2773,1000,1993-06-19 12:00:00,1993-06-20 09:00:00,0 days 21:00:00.000000000,L,27.1,-97.4,40.2773,"kingsville, us",Tropical Storm,0
2964,AL021995,BARRY,1995-07-07 18:00:00,1995,TS,33.2N,70.2W,69.04679999999999,1001,1995-07-07 06:00:00,1995-07-10 06:00:00,3 days 00:00:00.000000000,L,45.3,-61.0,57.538999999999994,"port hawkesbury, ca",Tropical Storm,0
3563,AL021996,BERTHA,1996-07-09 06:00:00,1996,HU,20.3N,67.7W,115.07799999999999,960,1996-07-05 12:00:00,1996-07-14 06:00:00,8 days 18:00:00.000000000,L,34.3,-77.8,103.57019999999999,"wilmington, us",Category Three,3
3920,AL021997,ANA,1997-07-01 12:00:00,1997,TS,31.7N,74.6W,46.0312,1004,1997-07-01 06:00:00,1997-07-03 12:00:00,2 days 06:00:00.000000000,,,,,,Tropical Storm,0
4111,AL021998,BONNIE,1998-08-23 12:00:00,1998,HU,24.1N,71.5W,115.07799999999999,958,1998-08-20 12:00:00,1998-08-30 12:00:00,10 days 00:00:00.000000000,L,34.4,-77.7,109.32409999999999,"wilmington, us",Category Three,3
6269,AL022002,BERTHA,2002-08-05 00:00:00,2002,TS,29.3N,89.2W,40.2773,1008,2002-08-05 00:00:00,2002-08-05 06:00:00,0 days 06:00:00.000000000,L,29.4,-89.3,40.2773,"chalmette, us",Tropical Storm,0
7175,AL022004,BONNIE,2004-08-11 18:00:00,2004,TS,26.4N,89.6W,63.292899999999996,1001,2004-08-09 12:00:00,2004-08-12 14:00:00,3 days 02:00:00.000000000,L,29.6,-85.1,46.0312,"callaway, us",Tropical Storm,0
8114,AL022005,BRET,2005-06-28 22:03:05,2005,TS,19.9N,95.7W,40.2773,1002,2005-06-28 22:03:05,2005-06-29 12:00:00,0 days 13:56:55.000000000,L,20.8,-97.3,40.2773,"cazones, mx",Tropical Storm,0
9228,AL022007,BARRY,2007-06-02 00:00:00,2007,TS,24.3N,85.2W,57.538999999999994,997,2007-06-01 18:00:00,2007-06-02 12:00:00,0 days 18:00:00.000000000,,,,,,Tropical Storm,0
9529,AL022008,BERTHA,2008-07-07 21:00:00,2008,HU,20.3N,51.9W,126.58579999999999,952,2008-07-03 12:00:00,2008-07-20 06:00:00,16 days 18:00:00.000000000,,,,,,Category Three,3
10635,AL022009,ANA,2009-08-12 12:00:00,2009,TS,14.4N,33.3W,40.2773,1005,2009-08-12 12:00:00,2009-08-16 06:00:00,3 days 18:00:00.000000000,,,,,,Tropical Storm,0
11351,AL022011,BRET,2011-07-18 18:00:00,2011,TS,27.8N,77.1W,69.04679999999999,995,2011-07-18 00:00:00,2011-07-21 18:00:00,3 days 18:00:00.000000000,,,,,,Tropical Storm,0
12041,AL022012,BERYL,2012-05-27 23:00:00,2012,TS,30.1N,80.5W,69.04679999999999,992,2012-05-27 18:00:00,2012-05-30 12:00:00,2 days 18:00:00.000000000,L,30.2,-81.4,63.292899999999996,"palm valley, us",Tropical Storm,0
12667,AL022013,BARRY,2013-06-19 18:00:00,2013,TS,19.6N,94.8W,46.0312,1005,2013-06-19 12:00:00,2013-06-20 12:00:00,1 days 00:00:00.000000000,L,19.6,-96.4,46.0312,"zempoala, mx",Tropical Storm,0
13090,AL022015,BILL,2015-06-16 12:00:00,2015,TS,28.0N,96.0W,57.538999999999994,997,2015-06-16 00:00:00,2015-06-17 00:00:00,1 days 00:00:00.000000000,L,28.2,-96.7,57.538999999999994,"rockport, us",Tropical Storm,0
13340,AL022016,BONNIE,2016-05-28 18:00:00,2016,TS,30.7N,79.1W,46.0312,1008,2016-05-28 12:00:00,2016-06-04 06:00:00,6 days 18:00:00.000000000,,,,,,Tropical Storm,0
13853,AL022017,BRET,2017-06-20 02:00:00,2017,TS,10.1N,61.1W,51.78509999999999,1008,2017-06-19 18:00:00,2017-06-20 09:00:00,0 days 15:00:00.000000000,L,10.1,-61.1,51.78509999999999,"rio claro, tt",Tropical Storm,0
17,AL031982,BERYL,1982-08-31 06:00:00,1982,TS,17.2N,36.4W,69.04679999999999,992,1982-08-28 18:00:00,1982-09-02 12:00:00,4 days 18:00:00.000000000,,,,,,Tropical Storm,0
75,AL031983,ALICIA,1983-08-18 06:00:00,1983,HU,28.9N,95.0W,115.07799999999999,963,1983-08-15 18:00:00,1983-08-19 00:00:00,3 days 06:00:00.000000000,L,29.1,-95.1,115.07799999999999,"santa fe, us",Category Three,3
370,AL031985,CLAUDETTE,1985-08-15 12:00:00,1985,HU,35.8N,40.0W,86.3085,980,1985-08-11 00:00:00,1985-08-16 18:00:00,5 days 18:00:00.000000000,,,,,,Category One,1
865,AL031988,CHRIS,1988-08-28 12:00:00,1988,TS,30.8N,80.8W,51.78509999999999,1005,1988-08-28 06:00:00,1988-08-28 18:00:00,0 days 12:00:00.000000000,L,32.0,-80.9,46.0312,"wilmington island, us",Tropical Storm,0
1248,AL031989,BARRY,1989-07-12 00:00:00,1989,TS,21.4N,53.1W,51.78509999999999,1005,1989-07-11 00:00:00,1989-07-13 12:00:00,2 days 12:00:00.000000000,,,,,,Tropical Storm,0
1723,AL031990,BERTHA,1990-07-31 00:00:00,1990,HU,36.6N,67.0W,80.5546,974,1990-07-28 00:00:00,1990-08-02 00:00:00,5 days 00:00:00.000000000,,,,,,Category One,1
2023,AL031991,BOB,1991-08-19 06:00:00,1991,HU,36.5N,74.5W,115.07799999999999,950,1991-08-16 18:00:00,1991-08-20 12:00:00,3 days 18:00:00.000000000,L,41.2,-71.6,103.57019999999999,"charlestown, us",Category Three,3
2481,AL031993,BRET,1993-08-06 06:00:00,1993,TS,10.1N,52.9W,57.538999999999994,1005,1993-08-05 00:00:00,1993-08-10 18:00:00,5 days 18:00:00.000000000,L,10.8,-60.8,57.538999999999994,"scarborough, tt",Tropical Storm,0
2698,AL031994,BERYL,1994-08-16 00:00:00,1994,TS,30.0N,85.6W,57.538999999999994,1000,1994-08-15 12:00:00,1994-08-16 06:00:00,0 days 18:00:00.000000000,L,30.0,-85.6,57.538999999999994,"springfield, us",Tropical Storm,0
3005,AL031995,CHANTAL,1995-07-17 00:00:00,1995,TS,27.2N,69.4W,69.04679999999999,991,1995-07-10 06:00:00,1995-07-20 12:00:00,10 days 06:00:00.000000000,,,,,,Tropical Storm,0
3596,AL031996,CESAR,1996-07-28 04:00:00,1996,HU,12.2N,83.9W,86.3085,985,1996-07-25 12:00:00,1996-07-28 18:00:00,3 days 06:00:00.000000000,L,12.2,-83.9,86.3085,"bluefields, ni",Category One,1
3933,AL031997,BILL,1997-07-12 12:00:00,1997,HU,37.9N,61.1W,74.80069999999999,987,1997-07-11 12:00:00,1997-07-13 06:00:00,1 days 18:00:00.000000000,,,,,,Category One,1
4143,AL031998,CHARLEY,1998-08-22 06:00:00,1998,TS,27.5N,96.5W,69.04679999999999,1002,1998-08-21 18:00:00,1998-08-22 12:00:00,0 days 18:00:00.000000000,L,27.8,-97.1,46.0312,"aransas pass, us",Tropical Storm,0
4913,AL031999,BRET,1999-08-22 06:00:00,1999,HU,25.5N,95.5W,143.8475,950,1999-08-19 18:00:00,1999-08-23 18:00:00,4 days 00:00:00.000000000,L,26.9,-97.4,115.07799999999999,"raymondville, us",Category Four,4
5594,AL032000,ALBERTO,2000-08-12 12:00:00,2000,HU,35.9N,55.3W,126.58579999999999,950,2000-08-04 06:00:00,2000-08-23 06:00:00,19 days 00:00:00.000000000,,,,,,Category Three,3
5941,AL032001,BARRY,2001-08-05 18:00:00,2001,TS,28.6N,86.4W,69.04679999999999,991,2001-08-02 18:00:00,2001-08-06 06:00:00,3 days 12:00:00.000000000,L,30.4,-86.3,69.04679999999999,"destin, us",Tropical Storm,0
6278,AL032002,CRISTOBAL,2002-08-08 00:00:00,2002,TS,29.7N,75.3W,51.78509999999999,1000,2002-08-06 18:00:00,2002-08-08 18:00:00,2 days 00:00:00.000000000,,,,,,Tropical Storm,0
6801,AL032003,BILL,2003-06-30 12:00:00,2003,TS,28.2N,91.5W,57.538999999999994,1002,2003-06-29 12:00:00,2003-07-01 00:00:00,1 days 12:00:00.000000000,L,29.3,-91.0,57.538999999999994,"houma, us",Tropical Storm,0
7260,AL032004,CHARLEY,2004-08-13 19:04:05,2004,HU,26.6N,82.2W,149.60139999999998,941,2004-08-10 06:00:00,2004-08-14 18:00:00,4 days 12:00:00.000000000,L,22.7,-82.6,120.83189999999999,"alquizar, cu",Category Four,4
8124,AL032005,CINDY,2005-07-06 00:00:00,2005,HU,28.5N,90.3W,74.80069999999999,992,2005-07-05 06:00:00,2005-07-06 12:00:00,1 days 06:00:00.000000000,L,29.2,-90.1,74.80069999999999,"estelle, us",Category One,1
8936,AL032006,BERYL,2006-07-19 18:00:00,2006,TS,35.9N,73.5W,57.538999999999994,1003,2006-07-18 18:00:00,2006-07-21 12:00:00,2 days 18:00:00.000000000,L,41.3,-70.1,51.78509999999999,"nantucket, us",Tropical Storm,0
9232,AL032007,CHANTAL,2007-07-31 12:00:00,2007,TS,39.1N,64.2W,51.78509999999999,999,2007-07-31 06:00:00,2007-08-01 00:00:00,0 days 18:00:00.000000000,,,,,,Tropical Storm,0
9588,AL032008,CRISTOBAL,2008-07-21 12:00:00,2008,TS,36.2N,73.2W,63.292899999999996,1000,2008-07-19 12:00:00,2008-07-23 06:00:00,3 days 18:00:00.000000000,,,,,,Tropical Storm,0
10656,AL032009,BILL,2009-08-19 06:00:00,2009,HU,17.6N,54.2W,132.3397,954,2009-08-15 18:00:00,2009-08-24 06:00:00,8 days 12:00:00.000000000,L,46.9,-56.0,69.04679999999999,"saint-pierre, pm",Category Four,4
10818,AL032010,BONNIE,2010-07-23 05:01:05,2010,TS,23.7N,77.5W,46.0312,1005,2010-07-22 23:01:05,2010-07-23 14:03:00,0 days 15:01:55.000000000,L,23.0,-75.7,40.2773,"clarence town, bs",Tropical Storm,0
11369,AL032011,CINDY,2011-07-21 18:00:00,2011,TS,41.3N,46.1W,69.04679999999999,994,2011-07-20 12:00:00,2011-07-22 18:00:00,2 days 06:00:00.000000000,,,,,,Tropical Storm,0
12055,AL032012,CHRIS,2012-06-21 12:00:00,2012,HU,40.5N,43.9W,86.3085,974,2012-06-19 12:00:00,2012-06-22 06:00:00,2 days 18:00:00.000000000,,,,,,Category One,1
12680,AL032013,CHANTAL,2013-07-09 12:00:00,2013,TS,13.9N,60.3W,63.292899999999996,1003,2013-07-07 12:00:00,2013-07-10 12:00:00,3 days 00:00:00.000000000,,,,,,Tropical Storm,0
12864,AL032014,BERTHA,2014-08-04 12:00:00,2014,HU,26.8N,73.6W,80.5546,998,2014-08-01 00:00:00,2014-08-06 12:00:00,5 days 12:00:00.000000000,L,21.8,-71.9,46.0312,"cockburn harbour, tc",Category One,1
13095,AL032015,CLAUDETTE,2015-07-13 18:00:00,2015,TS,37.6N,67.5W,51.78509999999999,1003,2015-07-13 12:00:00,2015-07-14 18:00:00,1 days 06:00:00.000000000,,,,,,Tropical Storm,0
13350,AL032016,COLIN,2016-06-06 12:00:00,2016,TS,26.4N,87.3W,51.78509999999999,1004,2016-06-05 18:00:00,2016-06-07 06:00:00,1 days 12:00:00.000000000,L,29.8,-83.6,51.78509999999999,"tallahassee, us",Tropical Storm,0
13863,AL032017,CINDY,2017-06-21 00:00:00,2017,TS,26.2N,90.9W,57.538999999999994,995,2017-06-20 09:00:00,2017-06-22 18:00:00,2 days 09:00:00.000000000,L,10.6,-62.6,51.78509999999999,"carupano, ve",Tropical Storm,0
90,AL041983,BARRY,1983-08-28 17:02:05,1983,HU,25.4N,97.4W,80.5546,986,1983-08-24 06:00:00,1983-08-29 00:00:00,4 days 18:00:00.000000000,L,25.4,-97.4,80.5546,"matamoros, mx",Category One,1
382,AL041985,DANNY,1985-08-15 12:00:00,1985,HU,28.9N,92.6W,92.0624,988,1985-08-14 00:00:00,1985-08-16 06:00:00,2 days 06:00:00.000000000,L,29.6,-92.7,92.0624,"jennings, us",Category One,1
870,AL041988,DEBBY,1988-09-02 18:00:00,1988,HU,20.8N,96.6W,74.80069999999999,992,1988-09-02 06:00:00,1988-09-03 12:00:00,1 days 06:00:00.000000000,L,20.7,-97.3,74.80069999999999,"cazones, mx",Category One,1
1259,AL041989,CHANTAL,1989-08-01 06:00:00,1989,HU,28.7N,93.5W,80.5546,987,1989-07-31 06:00:00,1989-08-02 00:00:00,1 days 18:00:00.000000000,L,29.6,-94.4,80.5546,"galveston, us",Category One,1
1733,AL041990,CESAR,1990-08-02 06:00:00,1990,TS,16.1N,33.5W,51.78509999999999,1002,1990-08-02 00:00:00,1990-08-06 06:00:00,4 days 06:00:00.000000000,,,,,,Tropical Storm,0
2244,AL041992,ANDREW,1992-08-23 18:00:00,1992,HU,25.4N,75.8W,172.617,922,1992-08-17 12:00:00,1992-08-27 00:00:00,9 days 12:00:00.000000000,L,25.4,-76.6,161.1092,"dunmore town, bs",Category Five,5
2568,AL041993,CINDY,1993-08-16 12:00:00,1993,TS,17.3N,69.3W,46.0312,1007,1993-08-14 18:00:00,1993-08-16 18:00:00,2 days 00:00:00.000000000,L,14.5,-60.9,40.2773,"riviere-pilote, mq",Tropical Storm,0
2709,AL041994,CHRIS,1994-08-19 00:00:00,1994,HU,17.0N,50.6W,80.5546,985,1994-08-17 00:00:00,1994-08-23 18:00:00,6 days 18:00:00.000000000,,,,,,Category One,1
3021,AL041995,DEAN,1995-07-31 00:00:00,1995,TS,29.0N,95.0W,46.0312,999,1995-07-30 18:00:00,1995-07-31 02:00:00,0 days 08:00:00.000000000,L,29.2,-95.3,46.0312,"angleton, us",Tropical Storm,0
3630,AL041996,DOLLY,1996-08-23 12:00:00,1996,HU,21.6N,97.7W,80.5546,989,1996-07-28 18:00:00,1996-08-23 18:00:00,26 days 00:00:00.000000000,L,19.1,-87.7,74.80069999999999,"felipe carrillo puerto, mx",Category One,1
3938,AL041997,CLAUDETTE,1997-07-13 06:00:00,1997,TS,44.0N,53.0W,46.0312,990,1997-07-13 06:00:00,1997-07-16 12:00:00,3 days 06:00:00.000000000,,,,,,Tropical Storm,0
4152,AL041998,DANIELLE,1998-08-26 06:00:00,1998,HU,18.4N,49.1W,103.57019999999999,975,1998-08-24 18:00:00,1998-09-03 18:00:00,10 days 00:00:00.000000000,,,,,,Category Two,2
4951,AL041999,CINDY,1999-08-28 12:00:00,1999,HU,30.1N,58.0W,138.09359999999998,942,1999-08-20 18:00:00,1999-08-31 12:00:00,10 days 18:00:00.000000000,,,,,,Category Four,4
5952,AL042001,CHANTAL,2001-08-19 06:00:00,2001,TS,15.4N,78.4W,69.04679999999999,997,2001-08-17 12:00:00,2001-08-21 18:00:00,4 days 06:00:00.000000000,L,18.1,-87.8,69.04679999999999,"san pedro, bz",Tropical Storm,0
6286,AL042002,DOLLY,2002-08-30 12:00:00,2002,TS,10.3N,36.3W,57.538999999999994,997,2002-08-08 18:00:00,2002-09-04 06:00:00,26 days 12:00:00.000000000,,,,,,Tropical Storm,0
6863,AL042003,CLAUDETTE,2003-07-15 15:03:00,2003,HU,28.3N,96.2W,92.0624,979,2003-07-08 18:00:00,2003-07-16 18:00:00,8 days 00:00:00.000000000,L,20.8,-86.9,57.538999999999994,"playa del carmen, mx",Category One,1
7311,AL042004,DANIELLE,2004-08-16 18:00:00,2004,HU,19.0N,38.2W,109.32409999999999,964,2004-08-14 00:00:00,2004-08-20 12:00:00,6 days 12:00:00.000000000,,,,,,Category Two,2
8173,AL042005,DENNIS,2005-07-08 12:00:00,2005,HU,20.9N,79.5W,149.60139999999998,938,2005-07-05 12:00:00,2005-07-11 00:00:00,5 days 12:00:00.000000000,L,19.9,-77.6,138.09359999999998,"niquero, cu",Category Four,4
8949,AL042006,CHRIS,2006-08-02 06:00:00,2006,TS,18.5N,62.2W,63.292899999999996,1001,2006-08-01 06:00:00,2006-08-03 12:00:00,2 days 06:00:00.000000000,,,,,,Tropical Storm,0
9289,AL042007,DEAN,2007-08-21 06:00:00,2007,HU,18.6N,86.9W,172.617,907,2007-08-14 12:00:00,2007-08-22 18:00:00,8 days 06:00:00.000000000,L,18.7,-87.7,172.617,"calderitas, mx",Category Five,5
9638,AL042008,DOLLY,2008-07-23 12:00:00,2008,HU,25.9N,96.7W,97.8163,967,2008-07-20 12:00:00,2008-07-24 18:00:00,4 days 06:00:00.000000000,L,20.8,-87.0,51.78509999999999,"playa del carmen, mx",Category Two,2
10680,AL042009,CLAUDETTE,2009-08-16 18:00:00,2009,TS,29.1N,85.1W,57.538999999999994,1008,2009-08-16 12:00:00,2009-08-17 06:00:00,0 days 18:00:00.000000000,L,30.4,-86.5,46.0312,"destin, us",Tropical Storm,0
10834,AL042010,COLIN,2010-08-05 21:00:00,2010,TS,25.0N,66.1W,57.538999999999994,1005,2010-08-03 06:00:00,2010-08-07 18:00:00,4 days 12:00:00.000000000,,,,,,Tropical Storm,0
11379,AL042011,DON,2011-07-29 00:00:00,2011,TS,24.6N,91.9W,51.78509999999999,997,2011-07-27 18:00:00,2011-07-30 00:00:00,2 days 06:00:00.000000000,,,,,,Tropical Storm,0
12063,AL042012,DEBBY,2012-06-24 12:00:00,2012,TS,27.6N,86.8W,63.292899999999996,994,2012-06-23 12:00:00,2012-06-26 21:00:00,3 days 09:00:00.000000000,L,29.3,-83.2,40.2773,"gainesville, us",Tropical Storm,0
12690,AL042013,DORIAN,2013-07-25 06:00:00,2013,TS,15.3N,33.9W,57.538999999999994,1002,2013-07-10 12:00:00,2013-07-27 12:00:00,17 days 00:00:00.000000000,,,,,,Tropical Storm,0
12891,AL042014,CRISTOBAL,2014-08-28 18:00:00,2014,HU,37.5N,63.6W,86.3085,971,2014-08-24 06:00:00,2014-08-29 06:00:00,5 days 00:00:00.000000000,,,,,,Category One,1
13112,AL042015,DANNY,2015-08-21 12:00:00,2015,HU,13.8N,47.8W,126.58579999999999,960,2015-08-18 12:00:00,2015-08-24 06:00:00,5 days 18:00:00.000000000,,,,,,Category Three,3
13356,AL042016,DANIELLE,2016-06-20 12:00:00,2016,TS,20.7N,96.1W,46.0312,1007,2016-06-20 06:00:00,2016-06-20 22:00:00,0 days 16:00:00.000000000,L,21.2,-97.4,40.2773,"tamiahua, mx",Tropical Storm,0
31,AL051982,CHRIS,1982-09-11 12:00:00,1982,TS,29.8N,93.8W,63.292899999999996,994,1982-09-10 12:00:00,1982-09-11 18:00:00,1 days 06:00:00.000000000,,,,,,Tropical Storm,0
96,AL051983,CHANTAL,1983-09-11 18:00:00,1983,HU,32.8N,60.0W,74.80069999999999,994,1983-09-11 00:00:00,1983-09-14 18:00:00,3 days 18:00:00.000000000,,,,,,Category One,1
403,AL051985,ELENA,1985-09-01 18:00:00,1985,HU,28.9N,84.8W,126.58579999999999,954,1985-08-28 18:00:00,1985-09-03 00:00:00,5 days 06:00:00.000000000,L,30.4,-89.2,115.07799999999999,"long beach, us",Category Three,3
617,AL051986,CHARLEY,1986-08-18 00:00:00,1986,HU,36.5N,75.8W,80.5546,987,1986-08-15 18:00:00,1986-08-20 18:00:00,5 days 00:00:00.000000000,L,34.7,-76.5,74.80069999999999,"havelock, us",Category One,1
735,AL051987,BRET,1987-08-20 06:00:00,1987,TS,15.7N,35.5W,51.78509999999999,1000,1987-08-18 18:00:00,1987-08-22 12:00:00,3 days 18:00:00.000000000,,,,,,Tropical Storm,0
879,AL051988,ERNESTO,1988-09-05 00:00:00,1988,TS,43.1N,29.7W,63.292899999999996,994,1988-09-03 18:00:00,1988-09-05 00:00:00,1 days 06:00:00.000000000,,,,,,Tropical Storm,0
1287,AL051989,DEAN,1989-08-07 00:00:00,1989,HU,34.0N,64.9W,103.57019999999999,968,1989-08-01 06:00:00,1989-08-08 18:00:00,7 days 12:00:00.000000000,L,46.9,-55.9,63.292899999999996,"grand bank, ca",Category Two,2
1781,AL051990,DIANA,1990-08-07 18:00:00,1990,HU,20.9N,96.8W,97.8163,980,1990-08-05 00:00:00,1990-08-08 06:00:00,3 days 06:00:00.000000000,L,19.0,-87.6,63.292899999999996,"felipe carrillo puerto, mx",Category Two,2
2353,AL051992,BONNIE,1992-09-21 18:00:00,1992,HU,37.5N,52.3W,109.32409999999999,965,1992-09-18 06:00:00,1992-09-30 18:00:00,12 days 12:00:00.000000000,,,,,,Category Two,2
2595,AL051993,EMILY,1993-08-31 18:00:00,1993,HU,34.5N,75.2W,115.07799999999999,962,1993-08-25 12:00:00,1993-09-04 12:00:00,10 days 00:00:00.000000000,,,,,,Category Three,3
3055,AL051995,ERIN,1995-08-03 13:03:00,1995,HU,30.0N,86.8W,97.8163,973,1995-07-31 00:00:00,1995-08-04 06:00:00,4 days 06:00:00.000000000,L,27.7,-80.3,86.3085,"vero beach, us",Category Two,2
3646,AL051996,EDOUARD,1996-08-25 06:00:00,1996,HU,15.4N,47.0W,143.8475,933,1996-08-22 06:00:00,1996-09-03 00:00:00,11 days 18:00:00.000000000,,,,,,Category Four,4
3965,AL051997,DANNY,1997-07-18 12:00:00,1997,HU,29.5N,89.4W,80.5546,990,1997-07-17 12:00:00,1997-07-26 00:00:00,8 days 12:00:00.000000000,L,29.3,-89.7,74.80069999999999,"estelle, us",Category One,1
4195,AL051998,EARL,1998-09-02 18:00:00,1998,HU,28.7N,87.9W,97.8163,988,1998-08-31 18:00:00,1998-09-03 12:00:00,2 days 18:00:00.000000000,L,30.1,-85.7,80.5546,"panama city, us",Category Two,2
5002,AL051999,DENNIS,1999-08-28 18:00:00,1999,HU,27.7N,77.3W,103.57019999999999,969,1999-08-24 12:00:00,1999-09-05 06:00:00,11 days 18:00:00.000000000,L,26.6,-76.8,86.3085,"marsh harbour, bs",Category Two,2
5640,AL052000,BERYL,2000-08-14 18:00:00,2000,TS,23.9N,96.3W,51.78509999999999,1009,2000-08-14 06:00:00,2000-08-15 06:00:00,1 days 00:00:00.000000000,,,,,,Tropical Storm,0
5971,AL052001,DEAN,2001-08-27 18:00:00,2001,TS,40.6N,59.4W,69.04679999999999,994,2001-08-22 12:00:00,2001-08-28 12:00:00,6 days 00:00:00.000000000,,,,,,Tropical Storm,0
6311,AL052002,EDOUARD,2002-09-03 12:00:00,2002,TS,30.4N,78.4W,63.292899999999996,1002,2002-09-02 06:00:00,2002-09-05 00:04:05,2 days 18:04:05.000000000,L,29.4,-81.1,40.2773,"ormond beach, us",Tropical Storm,0
6882,AL052003,DANNY,2003-07-18 18:00:00,2003,HU,39.2N,53.4W,74.80069999999999,1002,2003-07-17 00:00:00,2003-07-20 12:00:00,3 days 12:00:00.000000000,,,,,,Category One,1
7329,AL052004,EARL,2004-08-15 06:00:00,2004,TS,11.5N,58.3W,51.78509999999999,1009,2004-08-14 18:00:00,2004-08-15 18:00:00,1 days 00:00:00.000000000,,,,,,Tropical Storm,0
8275,AL052005,EMILY,2005-07-17 00:00:00,2005,HU,17.1N,79.5W,161.1092,929,2005-07-12 00:00:00,2005-07-21 00:00:00,9 days 00:00:00.000000000,L,12.0,-61.8,86.3085,"gouyave, gd",Category Five,5
8957,AL052006,DEBBY,2006-08-23 12:00:00,2006,TS,16.7N,31.0W,51.78509999999999,1001,2006-08-23 00:00:00,2006-08-26 00:00:00,3 days 00:00:00.000000000,,,,,,Tropical Storm,0
9307,AL052007,ERIN,2007-08-15 18:00:00,2007,TS,25.8N,94.0W,40.2773,1004,2007-08-15 18:00:00,2007-08-16 06:00:00,0 days 12:00:00.000000000,,,,,,Tropical Storm,0
9670,AL052008,EDOUARD,2008-08-05 06:00:00,2008,TS,29.0N,92.9W,63.292899999999996,997,2008-08-04 00:00:00,2008-08-05 18:00:00,1 days 18:00:00.000000000,L,29.6,-94.2,63.292899999999996,"port arthur, us",Tropical Storm,0
10687,AL052009,DANNY,2009-08-27 00:00:00,2009,TS,25.9N,71.2W,57.538999999999994,1006,2009-08-26 09:00:00,2009-08-29 00:00:00,2 days 15:00:00.000000000,,,,,,Tropical Storm,0
11388,AL052011,EMILY,2011-08-03 00:00:00,2011,TS,16.0N,66.2W,51.78509999999999,1004,2011-08-02 00:00:00,2011-08-07 06:00:00,5 days 06:00:00.000000000,,,,,,Tropical Storm,0
12146,AL052012,ERNESTO,2012-08-08 03:01:05,2012,HU,18.8N,87.7W,97.8163,973,2012-08-02 12:00:00,2012-08-10 00:00:00,7 days 12:00:00.000000000,L,18.7,-87.2,92.0624,"calderitas, mx",Category Two,2
12707,AL052013,ERIN,2013-08-17 00:00:00,2013,TS,18.0N,33.8W,46.0312,1006,2013-08-15 06:00:00,2013-08-18 00:00:00,2 days 18:00:00.000000000,,,,,,Tropical Storm,0
12896,AL052014,DOLLY,2014-09-02 12:00:00,2014,TS,22.8N,95.6W,51.78509999999999,1005,2014-09-02 00:00:00,2014-09-03 06:00:00,1 days 06:00:00.000000000,L,22.0,-97.7,46.0312,"cuauhtemoc, mx",Tropical Storm,0
13134,AL052015,ERIKA,2015-08-27 06:00:00,2015,TS,16.5N,60.8W,51.78509999999999,1001,2015-08-24 18:00:00,2015-08-28 12:00:00,3 days 18:00:00.000000000,,,,,,Tropical Storm,0
13383,AL052016,EARL,2016-08-04 04:00:00,2016,HU,17.4N,87.8W,86.3085,979,2016-08-02 06:00:00,2016-08-06 06:00:00,4 days 00:00:00.000000000,L,17.4,-87.8,86.3085,"belize, bz",Category One,1
13883,AL052017,DON,2017-07-18 00:00:00,2017,TS,11.2N,53.8W,51.78509999999999,1005,2017-07-17 12:00:00,2017-07-18 12:00:00,1 days 00:00:00.000000000,,,,,,Tropical Storm,0
47,AL061982,DEBBY,1982-09-18 00:00:00,1982,HU,38.8N,62.3W,132.3397,950,1982-09-14 12:00:00,1982-09-20 12:00:00,6 days 00:00:00.000000000,,,,,,Category Four,4
114,AL061983,DEAN,1983-09-29 00:00:00,1983,TS,34.5N,70.8W,63.292899999999996,1003,1983-09-27 18:00:00,1983-09-30 12:00:00,2 days 18:00:00.000000000,,,,,,Tropical Storm,0
122,AL061984,ARTHUR,1984-08-29 18:00:00,1984,TS,11.8N,55.8W,51.78509999999999,1004,1984-08-29 12:00:00,1984-08-31 12:00:00,2 days 00:00:00.000000000,,,,,,Tropical Storm,0
1752,AL061990,EDOUARD,1990-08-09 06:00:00,1990,TS,38.5N,29.6W,46.0312,1003,1990-08-08 18:00:00,1990-08-10 06:00:00,1 days 12:00:00.000000000,,,,,,Tropical Storm,0
2055,AL061991,CLAUDETTE,1991-09-07 10:00:00,1991,HU,27.0N,61.5W,132.3397,944,1991-09-05 12:00:00,1991-09-11 12:00:00,6 days 00:00:00.000000000,,,,,,Category Four,4
2396,AL061992,CHARLEY,1992-09-24 18:00:00,1992,HU,36.1N,34.1W,109.32409999999999,965,1992-09-22 12:00:00,1992-09-27 12:00:00,5 days 00:00:00.000000000,,,,,,Category Two,2
2614,AL061993,DENNIS,1993-08-25 00:00:00,1993,TS,16.4N,35.8W,51.78509999999999,1000,1993-08-24 12:00:00,1993-08-27 06:00:00,2 days 18:00:00.000000000,,,,,,Tropical Storm,0
2731,AL061994,DEBBY,1994-09-10 06:00:00,1994,TS,14.1N,61.6W,69.04679999999999,1006,1994-09-10 00:00:00,1994-09-11 00:00:00,1 days 00:00:00.000000000,L,14.0,-61.0,63.292899999999996,"castries, lc",Tropical Storm,0
3714,AL061996,FRAN,1996-09-04 12:00:00,1996,HU,27.0N,74.7W,120.83189999999999,956,1996-08-27 12:00:00,1996-09-06 12:00:00,10 days 00:00:00.000000000,L,33.9,-78.0,115.07799999999999,"wilmington, us",Category Three,3
4204,AL061998,FRANCES,1998-09-11 00:00:00,1998,TS,27.2N,95.9W,63.292899999999996,994,1998-09-09 18:00:00,1998-09-11 18:00:00,2 days 00:00:00.000000000,L,28.2,-96.9,51.78509999999999,"rockport, us",Tropical Storm,0
5067,AL061999,EMILY,1999-08-24 18:00:00,1999,TS,11.6N,53.9W,51.78509999999999,1004,1999-08-24 12:00:00,1999-08-28 06:00:00,3 days 18:00:00.000000000,,,,,,Tropical Storm,0
5643,AL062000,CHRIS,2000-08-18 12:00:00,2000,TS,16.2N,55.4W,40.2773,1008,2000-08-18 12:00:00,2000-08-18 12:00:00,0 days 00:00:00.000000000,,,,,,Tropical Storm,0
5997,AL062001,ERIN,2001-09-09 18:00:00,2001,HU,32.4N,62.8W,120.83189999999999,968,2001-09-02 06:00:00,2001-09-15 00:00:00,12 days 18:00:00.000000000,,,,,,Category Three,3
6321,AL062002,FAY,2002-09-06 12:00:00,2002,TS,27.7N,94.5W,57.538999999999994,1001,2002-09-06 00:00:00,2002-09-07 09:00:00,1 days 09:00:00.000000000,L,28.5,-96.3,57.538999999999994,"port lavaca, us",Tropical Storm,0
7482,AL062004,FRANCES,2004-08-31 18:00:00,2004,HU,20.3N,65.0W,143.8475,942,2004-08-15 18:00:00,2004-09-07 00:00:00,22 days 06:00:00.000000000,L,24.0,-74.5,126.58579999999999,"cockburn town, bs",Category Four,4
8335,AL062005,FRANKLIN,2005-07-23 12:00:00,2005,TS,29.2N,75.4W,69.04679999999999,1001,2005-07-22 00:00:00,2005-07-29 18:00:00,7 days 18:00:00.000000000,,,,,,Tropical Storm,0
8996,AL062006,ERNESTO,2006-08-27 06:00:00,2006,HU,16.9N,72.7W,74.80069999999999,992,2006-08-25 12:00:00,2006-09-01 06:00:00,6 days 18:00:00.000000000,L,19.9,-75.5,40.2773,"san luis, cu",Category One,1
9328,AL062007,FELIX,2007-09-03 00:00:00,2007,HU,13.8N,73.0W,172.617,935,2007-09-01 00:00:00,2007-09-05 00:00:00,4 days 00:00:00.000000000,L,12.1,-61.7,51.78509999999999,"gouyave, gd",Category Five,5
9849,AL062008,FAY,2008-08-19 18:00:00,2008,TS,27.0N,81.1W,69.04679999999999,986,2008-08-15 14:03:00,2008-08-23 18:00:00,8 days 03:57:00.000000000,L,18.5,-68.4,40.2773,"higuey, do",Tropical Storm,0
10697,AL062009,ERIKA,2009-09-01 18:00:00,2009,TS,16.7N,57.3W,51.78509999999999,1007,2009-08-29 00:00:00,2009-09-03 12:00:00,5 days 12:00:00.000000000,L,16.3,-61.3,40.2773,"le moule, gp",Tropical Storm,0
10865,AL062010,DANIELLE,2010-08-27 18:00:00,2010,HU,27.1N,60.1W,132.3397,942,2010-08-22 06:00:00,2010-08-30 18:00:00,8 days 12:00:00.000000000,,,,,,Category Four,4
11398,AL062011,FRANKLIN,2011-08-13 12:00:00,2011,TS,38.6N,59.0W,46.0312,1004,2011-08-13 06:00:00,2011-08-13 12:00:00,0 days 06:00:00.000000000,,,,,,Tropical Storm,0
12179,AL062012,FLORENCE,2012-08-05 00:00:00,2012,TS,15.8N,32.5W,57.538999999999994,1002,2012-08-04 06:00:00,2012-08-06 00:00:00,1 days 18:00:00.000000000,,,,,,Tropical Storm,0
12713,AL062013,FERNAND,2013-08-26 00:00:00,2013,TS,19.2N,95.9W,57.538999999999994,1001,2013-08-25 18:00:00,2013-08-26 06:00:00,0 days 12:00:00.000000000,L,19.5,-96.3,57.538999999999994,"ursulo galvan, mx",Tropical Storm,0
12920,AL062014,EDOUARD,2014-09-16 12:00:00,2014,HU,30.6N,57.8W,120.83189999999999,955,2014-09-12 00:00:00,2014-09-19 12:00:00,7 days 12:00:00.000000000,,,,,,Category Three,3
13146,AL062015,FRED,2015-08-31 12:00:00,2015,HU,16.1N,23.3W,86.3085,986,2015-08-28 12:00:00,2015-09-05 06:00:00,7 days 18:00:00.000000000,,,,,,Category One,1
13422,AL062016,FIONA,2016-08-19 00:00:00,2016,TS,16.9N,41.5W,51.78509999999999,1004,2016-08-17 12:00:00,2016-08-22 00:00:00,4 days 12:00:00.000000000,,,,,,Tropical Storm,0
13890,AL062017,EMILY,2017-07-31 14:04:05,2017,TS,27.5N,82.7W,57.538999999999994,1001,2017-07-18 12:00:00,2017-07-31 18:00:00,13 days 06:00:00.000000000,L,27.5,-82.7,57.538999999999994,"south bradenton, us",Tropical Storm,0
130,AL071984,BERTHA,1984-08-31 12:00:00,1984,TS,14.9N,45.3W,40.2773,1007,1984-08-31 12:00:00,1984-09-01 06:00:00,0 days 18:00:00.000000000,,,,,,Tropical Storm,0
747,AL071987,CINDY,1987-09-08 00:00:00,1987,TS,28.2N,39.4W,51.78509999999999,1000,1987-09-07 12:00:00,1987-09-10 12:00:00,3 days 00:00:00.000000000,,,,,,Tropical Storm,0
889,AL071988,FLORENCE,1988-09-09 23:00:00,1988,HU,28.5N,89.3W,80.5546,982,1988-09-07 18:00:00,1988-09-10 06:00:00,2 days 12:00:00.000000000,L,29.1,-89.3,80.5546,"chalmette, us",Category One,1
1315,AL071989,ERIN,1989-08-24 12:00:00,1989,HU,34.1N,44.5W,103.57019999999999,970,1989-08-19 18:00:00,1989-08-27 00:00:00,7 days 06:00:00.000000000,,,,,,Category Two,2
1789,AL071990,FRAN,1990-08-13 18:00:00,1990,TS,9.0N,53.6W,40.2773,1010,1990-08-13 18:00:00,1990-08-14 12:00:00,0 days 18:00:00.000000000,,,,,,Tropical Storm,0
2076,AL071991,DANNY,1991-09-09 06:00:00,1991,TS,11.8N,39.6W,51.78509999999999,1000,1991-09-08 12:00:00,1991-09-11 06:00:00,2 days 18:00:00.000000000,,,,,,Tropical Storm,0
2419,AL071992,DANIELLE,1992-09-25 12:00:00,1992,TS,35.9N,75.2W,63.292899999999996,1001,1992-09-22 18:00:00,1992-09-26 06:00:00,3 days 12:00:00.000000000,L,37.8,-75.5,63.292899999999996,"salisbury, us",Tropical Storm,0
2632,AL071993,FLOYD,1993-09-09 18:00:00,1993,HU,41.7N,58.3W,74.80069999999999,990,1993-09-07 18:00:00,1993-09-10 12:00:00,2 days 18:00:00.000000000,,,,,,Category One,1
2735,AL071994,ERNESTO,1994-09-11 00:00:00,1994,TS,15.5N,66.7W,57.538999999999994,1008,1994-09-11 00:00:00,1994-09-24 06:00:00,13 days 06:00:00.000000000,,,,,,Tropical Storm,0
3081,AL071995,FELIX,1995-08-12 18:00:00,1995,HU,24.3N,61.0W,138.09359999999998,929,1995-08-08 18:00:00,1995-08-22 12:00:00,13 days 18:00:00.000000000,,,,,,Category Four,4
3727,AL071996,GUSTAV,1996-08-29 00:00:00,1996,TS,12.5N,35.2W,46.0312,1005,1996-08-28 06:00:00,1996-09-01 12:00:00,4 days 06:00:00.000000000,,,,,,Tropical Storm,0
4033,AL071997,ERIKA,1997-09-08 18:00:00,1997,HU,23.2N,62.5W,126.58579999999999,952,1997-09-03 18:00:00,1997-09-15 18:00:00,12 days 00:00:00.000000000,,,,,,Category Three,3
4313,AL071998,GEORGES,1998-09-20 06:00:00,1998,HU,16.0N,56.3W,155.3553,937,1998-09-16 12:00:00,1998-09-29 06:00:00,12 days 18:00:00.000000000,L,17.0,-61.7,115.07799999999999,"freetown, ag",Category Four,4
5659,AL072000,DEBBY,2000-08-21 12:00:00,2000,HU,15.7N,56.3W,86.3085,1004,2000-08-20 06:00:00,2000-08-24 06:00:00,4 days 00:00:00.000000000,L,17.5,-61.7,74.80069999999999,"codrington, ag",Category One,1
6029,AL072001,FELIX,2001-09-14 00:00:00,2001,HU,28.2N,47.2W,115.07799999999999,962,2001-09-11 12:00:00,2001-09-18 12:00:00,7 days 00:00:00.000000000,,,,,,Category Three,3
7685,AL072004,GASTON,2004-08-29 12:00:00,2004,HU,32.8N,79.5W,74.80069999999999,986,2004-08-28 06:00:00,2004-09-01 06:00:00,4 days 00:00:00.000000000,L,33.0,-79.6,74.80069999999999,"mount pleasant, us",Category One,1
8364,AL072005,GERT,2005-07-25 00:00:00,2005,TS,21.8N,97.6W,46.0312,1005,2005-07-24 06:00:00,2005-07-25 00:00:00,0 days 18:00:00.000000000,L,21.8,-97.6,46.0312,"ozuluama, mx",Tropical Storm,0
9118,AL072006,FLORENCE,2006-09-10 18:00:00,2006,HU,29.3N,66.1W,92.0624,976,2006-09-05 06:00:00,2006-09-12 18:00:00,7 days 12:00:00.000000000,,,,,,Category One,1
9351,AL072007,GABRIELLE,2007-09-09 12:00:00,2007,TS,34.3N,76.4W,57.538999999999994,1004,2007-09-08 18:00:00,2007-09-10 00:00:00,1 days 06:00:00.000000000,L,34.8,-76.4,57.538999999999994,"havelock, us",Tropical Storm,0
10139,AL072008,GUSTAV,2008-08-30 22:00:00,2008,HU,22.4N,83.1W,155.3553,941,2008-08-25 12:00:00,2008-09-02 06:00:00,7 days 18:00:00.000000000,L,18.1,-72.8,80.5546,"jacmel, ht",Category Four,4
10712,AL072009,FRED,2009-09-09 12:00:00,2009,HU,13.6N,32.1W,120.83189999999999,958,2009-09-08 00:00:00,2009-09-12 12:00:00,4 days 12:00:00.000000000,,,,,,Category Three,3
10940,AL072010,EARL,2010-09-02 06:00:00,2010,HU,28.6N,74.3W,143.8475,927,2010-08-25 12:00:00,2010-09-04 19:00:00,10 days 07:00:00.000000000,L,44.3,-64.5,74.80069999999999,"bridgewater, ca",Category Four,4
11404,AL072011,GERT,2011-08-15 12:00:00,2011,TS,31.6N,63.2W,63.292899999999996,1000,2011-08-14 06:00:00,2011-08-16 06:00:00,2 days 00:00:00.000000000,,,,,,Tropical Storm,0
12184,AL072012,HELENE,2012-08-17 18:00:00,2012,TS,20.3N,95.9W,46.0312,1004,2012-08-17 18:00:00,2012-08-18 00:00:00,0 days 06:00:00.000000000,,,,,,Tropical Storm,0
12717,AL072013,GABRIELLE,2013-09-10 12:00:00,2013,TS,30.1N,64.8W,63.292899999999996,1003,2013-09-10 06:00:00,2013-09-13 00:00:00,2 days 18:00:00.000000000,,,,,,Tropical Storm,0
12938,AL072014,FAY,2014-10-12 08:01:00,2014,HU,32.3N,64.7W,80.5546,984,2014-10-11 06:00:00,2014-10-13 00:00:00,1 days 18:00:00.000000000,L,32.3,-64.7,80.5546,"hamilton, bm",Category One,1
13167,AL072015,GRACE,2015-09-06 12:00:00,2015,TS,12.7N,29.2W,57.538999999999994,1000,2015-09-05 18:00:00,2015-09-08 06:00:00,2 days 12:00:00.000000000,,,,,,Tropical Storm,0
13460,AL072016,GASTON,2016-08-29 00:00:00,2016,HU,30.6N,55.2W,120.83189999999999,955,2016-08-22 18:00:00,2016-09-02 12:00:00,10 days 18:00:00.000000000,,,,,,Category Three,3
13918,AL072017,FRANKLIN,2017-08-10 00:00:00,2017,HU,20.3N,95.5W,86.3085,981,2017-08-07 00:00:00,2017-08-10 06:00:00,3 days 06:00:00.000000000,L,19.1,-87.6,57.538999999999994,"felipe carrillo puerto, mx",Category One,1
61,AL081982,ERNESTO,1982-10-02 00:00:00,1982,TS,28.5N,66.2W,69.04679999999999,997,1982-10-01 06:00:00,1982-10-02 18:00:00,1 days 12:00:00.000000000,,,,,,Tropical Storm,0
142,AL081984,CESAR,1984-09-02 12:00:00,1984,TS,46.0N,50.4W,57.538999999999994,994,1984-08-31 12:00:00,1984-09-02 12:00:00,2 days 00:00:00.000000000,,,,,,Tropical Storm,0
413,AL081985,FABIAN,1985-09-17 12:00:00,1985,TS,28.1N,61.2W,63.292899999999996,994,1985-09-16 18:00:00,1985-09-19 12:00:00,2 days 18:00:00.000000000,,,,,,Tropical Storm,0
631,AL081986,DANIELLE,1986-09-08 06:00:00,1986,TS,12.2N,59.4W,57.538999999999994,1000,1986-09-07 18:00:00,1986-09-09 12:00:00,1 days 18:00:00.000000000,,,,,,Tropical Storm,0
947,AL081988,GILBERT,1988-09-14 00:00:00,1988,HU,19.7N,83.8W,184.1248,888,1988-09-09 18:00:00,1988-09-17 12:00:00,7 days 18:00:00.000000000,L,17.8,-76.8,132.3397,"portmore, jm",Category Five,5
1350,AL081989,FELIX,1989-09-05 18:00:00,1989,HU,36.7N,48.3W,86.3085,979,1989-08-26 18:00:00,1989-09-09 00:00:00,13 days 06:00:00.000000000,,,,,,Category One,1
1819,AL081990,GUSTAV,1990-08-31 06:00:00,1990,HU,30.3N,57.5W,120.83189999999999,956,1990-08-14 12:00:00,1990-09-03 00:00:00,19 days 12:00:00.000000000,,,,,,Category Three,3
2088,AL081991,ERIKA,1991-09-10 12:00:00,1991,TS,34.7N,46.1W,57.538999999999994,998,1991-09-09 18:00:00,1991-09-12 03:00:00,2 days 09:00:00.000000000,L,37.7,-25.9,40.2773,"arrifes, pt",Tropical Storm,0
2669,AL081993,GERT,1993-09-20 18:00:00,1993,HU,21.3N,97.0W,97.8163,970,1993-09-15 12:00:00,1993-09-21 06:00:00,5 days 18:00:00.000000000,L,11.8,-83.8,40.2773,"bluefields, ni",Category Two,2
3126,AL081995,GABRIELLE,1995-08-11 18:00:00,1995,TS,23.6N,97.5W,69.04679999999999,990,1995-08-10 12:00:00,1995-08-11 20:00:00,1 days 08:00:00.000000000,L,23.7,-97.8,69.04679999999999,"soto la marina, mx",Tropical Storm,0
3788,AL081996,HORTENSE,1996-09-13 00:00:00,1996,HU,25.9N,71.5W,138.09359999999998,935,1996-09-07 06:00:00,1996-09-15 12:00:00,8 days 06:00:00.000000000,L,18.0,-66.9,80.5546,"guanica, us",Category Four,4
4062,AL081997,FABIAN,1997-10-05 18:00:00,1997,TS,26.3N,63.1W,40.2773,1005,1997-10-05 18:00:00,1997-10-08 06:00:00,2 days 12:00:00.000000000,,,,,,Tropical Storm,0
4622,AL081998,HERMINE,1998-09-19 18:00:00,1998,TS,28.3N,91.1W,46.0312,1000,1998-09-19 12:00:00,1998-09-20 06:00:00,0 days 18:00:00.000000000,L,29.1,-90.9,40.2773,"houma, us",Tropical Storm,0
5142,AL081999,FLOYD,1999-09-13 06:00:00,1999,HU,23.6N,70.0W,155.3553,922,1999-09-08 06:00:00,1999-09-17 06:00:00,9 days 00:00:00.000000000,L,25.4,-76.3,120.83189999999999,"dunmore town, bs",Category Four,4
5704,AL082000,ERNESTO,2000-09-02 06:00:00,2000,TS,16.2N,49.5W,40.2773,1008,2000-09-02 06:00:00,2000-09-03 12:00:00,1 days 06:00:00.000000000,,,,,,Tropical Storm,0
6064,AL082001,GABRIELLE,2001-09-17 12:00:00,2001,HU,35.3N,66.6W,80.5546,983,2001-09-13 12:00:00,2001-09-19 00:00:00,5 days 12:00:00.000000000,L,27.1,-82.6,69.04679999999999,"venice, us",Category One,1
6336,AL082002,GUSTAV,2002-09-11 18:00:00,2002,HU,40.3N,66.8W,97.8163,964,2002-09-10 12:00:00,2002-09-12 09:00:00,1 days 21:00:00.000000000,L,45.6,-60.4,92.0624,"louisbourg, ca",Category Two,2
6897,AL082003,ERIKA,2003-08-16 10:03:00,2003,HU,25.3N,97.4W,74.80069999999999,986,2003-08-14 18:00:00,2003-08-16 18:00:00,2 days 00:00:00.000000000,L,25.3,-97.4,74.80069999999999,"valle hermoso, mx",Category One,1
7697,AL082004,HERMINE,2004-08-30 06:00:00,2004,TS,33.8N,71.5W,57.538999999999994,1002,2004-08-29 12:00:00,2004-08-31 06:00:00,1 days 18:00:00.000000000,L,41.5,-70.9,40.2773,"fairhaven, us",Tropical Storm,0
8371,AL082005,HARVEY,2005-08-04 18:00:00,2005,TS,32.0N,62.1W,63.292899999999996,994,2005-08-03 06:00:00,2005-08-08 18:00:00,5 days 12:00:00.000000000,,,,,,Tropical Storm,0
9137,AL082006,GORDON,2006-09-14 00:00:00,2006,HU,27.3N,57.4W,120.83189999999999,955,2006-09-11 12:00:00,2006-09-20 18:00:00,9 days 06:00:00.000000000,,,,,,Category Three,3
9360,AL082007,INGRID,2007-09-14 12:00:00,2007,TS,15.3N,49.9W,46.0312,1004,2007-09-13 06:00:00,2007-09-15 12:00:00,2 days 06:00:00.000000000,,,,,,Tropical Storm,0
10265,AL082008,HANNA,2008-09-02 00:00:00,2008,HU,21.8N,72.3W,86.3085,977,2008-08-28 12:00:00,2008-09-07 00:00:00,9 days 12:00:00.000000000,L,21.8,-72.3,86.3085,"cockburn harbour, tc",Category One,1
10974,AL082010,FIONA,2010-09-01 18:00:00,2010,TS,19.5N,62.5W,63.292899999999996,999,2010-08-30 18:00:00,2010-09-03 18:00:00,4 days 00:00:00.000000000,,,,,,Tropical Storm,0
11418,AL082011,HARVEY,2011-08-20 17:03:00,2011,TS,17.0N,88.3W,63.292899999999996,995,2011-08-19 12:00:00,2011-08-22 02:00:00,2 days 14:00:00.000000000,L,17.0,-88.3,63.292899999999996,"dangriga, bz",Tropical Storm,0
12198,AL082012,GORDON,2012-08-19 00:00:00,2012,HU,34.3N,35.0W,109.32409999999999,965,2012-08-16 00:00:00,2012-08-20 12:00:00,4 days 12:00:00.000000000,L,37.0,-25.1,74.80069999999999,"vila franca do campo, pt",Category Two,2
13022,AL082014,GONZALO,2014-10-16 12:00:00,2014,HU,25.6N,68.7W,143.8475,940,2014-10-12 12:00:00,2014-10-19 12:00:00,7 days 00:00:00.000000000,L,17.1,-61.8,74.80069999999999,"carlisle, ag",Category Four,4
13178,AL082015,HENRI,2015-09-09 18:00:00,2015,TS,30.9N,60.8W,51.78509999999999,1003,2015-09-09 00:00:00,2015-09-11 06:00:00,2 days 06:00:00.000000000,,,,,,Tropical Storm,0
13939,AL082017,GERT,2017-08-16 18:00:00,2017,HU,38.2N,64.1W,109.32409999999999,962,2017-08-13 00:00:00,2017-08-17 12:00:00,4 days 12:00:00.000000000,,,,,,Category Two,2
476,AL091985,GLORIA,1985-09-25 06:00:00,1985,HU,25.1N,70.9W,143.8475,920,1985-09-17 12:00:00,1985-09-27 18:00:00,10 days 06:00:00.000000000,L,35.2,-75.6,103.57019999999999,"elizabeth city, us",Category Four,4
644,AL091986,EARL,1986-09-12 18:00:00,1986,HU,27.2N,55.4W,103.57019999999999,985,1986-09-11 00:00:00,1986-09-18 18:00:00,7 days 18:00:00.000000000,,,,,,Category Two,2
1012,AL091988,HELENE,1988-09-23 18:00:00,1988,HU,15.3N,46.1W,143.8475,938,1988-09-20 06:00:00,1988-09-30 06:00:00,10 days 00:00:00.000000000,,,,,,Category Four,4
1839,AL091990,HORTENSE,1990-08-28 06:00:00,1990,TS,21.7N,43.6W,63.292899999999996,994,1990-08-26 06:00:00,1990-08-29 18:00:00,3 days 12:00:00.000000000,,,,,,Tropical Storm,0
2098,AL091991,FABIAN,1991-10-15 18:00:00,1991,TS,21.2N,83.1W,46.0312,1006,1991-10-15 12:00:00,1991-10-16 12:00:00,1 days 00:00:00.000000000,L,21.5,-82.8,46.0312,"santa fe, cu",Tropical Storm,0
2433,AL091992,EARL,1992-10-01 18:00:00,1992,TS,28.4N,70.3W,63.292899999999996,996,1992-09-29 12:00:00,1992-10-03 06:00:00,3 days 18:00:00.000000000,,,,,,Tropical Storm,0
2683,AL091993,HARVEY,1993-09-20 18:00:00,1993,HU,35.6N,55.2W,74.80069999999999,990,1993-09-20 06:00:00,1993-09-21 12:00:00,1 days 06:00:00.000000000,,,,,,Category One,1
3138,AL091995,HUMBERTO,1995-08-24 18:00:00,1995,HU,15.7N,43.2W,109.32409999999999,968,1995-08-22 06:00:00,1995-09-01 00:00:00,9 days 18:00:00.000000000,,,,,,Category Two,2
3823,AL091996,ISIDORE,1996-09-28 00:00:00,1996,HU,15.8N,42.9W,115.07799999999999,960,1996-09-25 06:00:00,1996-10-01 06:00:00,6 days 00:00:00.000000000,,,,,,Category Three,3
4074,AL091997,GRACE,1997-10-16 00:00:00,1997,TS,21.2N,64.4W,46.0312,999,1997-10-15 00:00:00,1997-10-17 06:00:00,2 days 06:00:00.000000000,,,,,,Tropical Storm,0
4648,AL091998,IVAN,1998-09-26 06:00:00,1998,HU,39.2N,36.3W,92.0624,975,1998-09-20 18:00:00,1998-09-27 00:00:00,6 days 06:00:00.000000000,,,,,,Category One,1
5213,AL091999,GERT,1999-09-16 00:00:00,1999,HU,17.8N,50.8W,149.60139999999998,930,1999-09-12 12:00:00,1999-09-23 06:00:00,10 days 18:00:00.000000000,,,,,,Category Four,4
6362,AL092002,HANNA,2002-09-14 00:00:00,2002,TS,28.0N,89.2W,57.538999999999994,1001,2002-09-12 06:00:00,2002-09-14 15:00:00,2 days 09:00:00.000000000,L,29.1,-89.1,57.538999999999994,"chalmette, us",Tropical Storm,0
7738,AL092004,IVAN,2004-09-11 18:00:00,2004,HU,18.0N,79.0W,166.86309999999997,920,2004-09-03 06:00:00,2004-09-23 18:00:00,20 days 12:00:00.000000000,L,30.2,-87.9,120.83189999999999,"fairhope, us",Category Five,5
8415,AL092005,IRENE,2005-08-16 18:00:00,2005,HU,36.5N,62.0W,103.57019999999999,970,2005-08-07 12:00:00,2005-08-18 12:00:00,11 days 00:00:00.000000000,,,,,,Category Two,2
9182,AL092006,HELENE,2006-09-18 06:00:00,2006,HU,22.0N,49.4W,120.83189999999999,955,2006-09-14 00:00:00,2006-09-24 12:00:00,10 days 12:00:00.000000000,,,,,,Category Three,3
9368,AL092007,HUMBERTO,2007-09-13 06:00:00,2007,HU,29.5N,94.4W,92.0624,985,2007-09-12 12:00:00,2007-09-13 18:00:00,1 days 06:00:00.000000000,L,29.6,-94.3,92.0624,"port arthur, us",Category One,1
10378,AL092008,IKE,2008-09-04 06:00:00,2008,HU,22.4N,55.0W,143.8475,935,2008-09-01 12:00:00,2008-09-14 06:00:00,12 days 18:00:00.000000000,L,21.0,-73.2,126.58579999999999,"port-de-paix, ht",Category Four,4
10728,AL092009,GRACE,2009-10-05 00:00:00,2009,TS,40.2N,21.3W,63.292899999999996,989,2009-10-04 06:00:00,2009-10-06 00:00:00,1 days 18:00:00.000000000,,,,,,Tropical Storm,0
10983,AL092010,GASTON,2010-09-01 12:00:00,2010,TS,12.7N,35.0W,40.2773,1005,2010-09-01 12:00:00,2010-09-01 18:00:00,0 days 06:00:00.000000000,,,,,,Tropical Storm,0
11572,AL092011,IRENE,2011-08-24 12:00:00,2011,HU,21.9N,73.3W,120.83189999999999,957,2011-08-21 00:00:00,2011-08-28 18:00:00,7 days 18:00:00.000000000,L,17.8,-64.6,69.04679999999999,"road town, vg",Category Three,3
12322,AL092012,ISAAC,2012-08-28 18:00:00,2012,HU,28.6N,88.8W,80.5546,972,2012-08-21 18:00:00,2012-08-30 18:00:00,9 days 00:00:00.000000000,L,18.3,-72.7,63.292899999999996,"jacmel, ht",Category One,1
12736,AL092013,HUMBERTO,2013-09-11 18:00:00,2013,HU,17.4N,28.9W,92.0624,979,2013-09-09 06:00:00,2013-09-17 06:00:00,8 days 00:00:00.000000000,,,,,,Category One,1
13078,AL092014,HANNA,2014-10-27 06:00:00,2014,TS,15.0N,82.4W,40.2773,1005,2014-10-27 06:00:00,2014-10-27 16:00:00,0 days 10:00:00.000000000,L,14.9,-83.3,40.2773,"iralaya, hn",Tropical Storm,0
13185,AL092015,NINE,2015-09-11 06:00:00,2015,TS,35.7N,60.3W,46.0312,1010,2015-09-11 06:00:00,2015-09-11 06:00:00,0 days 00:00:00.000000000,,,,,,Tropical Storm,0
13486,AL092016,HERMINE,2016-09-02 00:00:00,2016,HU,29.0N,84.8W,80.5546,983,2016-08-31 06:00:00,2016-09-03 06:00:00,3 days 00:00:00.000000000,L,30.1,-84.1,80.5546,"tallahassee, us",Category One,1
14033,AL092017,HARVEY,2017-08-26 00:00:00,2017,HU,27.8N,96.8W,132.3397,941,2017-08-17 18:00:00,2017-08-30 18:00:00,13 days 00:00:00.000000000,L,13.1,-59.6,46.0312,"bridgetown, bb",Category Four,4
157,AL101984,DIANA,1984-09-12 00:00:00,1984,HU,33.9N,77.7W,132.3397,949,1984-09-08 12:00:00,1984-09-16 00:00:00,7 days 12:00:00.000000000,L,33.9,-78.0,92.0624,"wilmington, us",Category Four,4
503,AL101985,HENRI,1985-09-23 12:00:00,1985,TS,36.0N,74.1W,57.538999999999994,996,1985-09-23 06:00:00,1985-09-24 21:00:00,1 days 15:00:00.000000000,L,40.8,-72.5,40.2773,"mastic, us",Tropical Storm,0
674,AL101986,FRANCES,1986-11-20 12:00:00,1986,HU,27.8N,59.6W,86.3085,1000,1986-11-19 06:00:00,1986-11-21 18:00:00,2 days 12:00:00.000000000,,,,,,Category One,1
762,AL101987,DENNIS,1987-09-11 12:00:00,1987,TS,12.3N,27.7W,51.78509999999999,1001,1987-09-10 12:00:00,1987-09-17 18:00:00,7 days 06:00:00.000000000,,,,,,Tropical Storm,0
1040,AL101988,ISAAC,1988-10-01 00:00:00,1988,TS,11.8N,57.7W,46.0312,1005,1988-09-30 18:00:00,1988-10-01 06:00:00,0 days 12:00:00.000000000,,,,,,Tropical Storm,0
1385,AL101989,GABRIELLE,1989-09-05 00:00:00,1989,HU,19.3N,55.7W,143.8475,944,1989-08-31 00:00:00,1989-09-12 06:00:00,12 days 06:00:00.000000000,,,,,,Category Four,4
1854,AL101990,ISIDORE,1990-09-07 12:00:00,1990,HU,18.5N,37.6W,97.8163,978,1990-09-05 12:00:00,1990-09-17 06:00:00,11 days 18:00:00.000000000,,,,,,Category Two,2
2445,AL101992,FRANCES,1992-10-24 12:00:00,1992,HU,30.6N,58.8W,86.3085,976,1992-10-23 06:00:00,1992-10-27 00:00:00,3 days 18:00:00.000000000,,,,,,Category One,1
3248,AL101995,IRIS,1995-09-01 06:00:00,1995,HU,25.5N,58.8W,109.32409999999999,965,1995-08-22 18:00:00,1995-09-04 06:00:00,12 days 12:00:00.000000000,L,17.0,-61.9,57.538999999999994,"old road, ag",Category Two,2
3840,AL101996,JOSEPHINE,1996-10-07 12:00:00,1996,TS,26.9N,87.3W,69.04679999999999,981,1996-10-06 18:00:00,1996-10-08 03:03:00,1 days 09:03:00.000000000,L,30.0,-83.9,69.04679999999999,"tallahassee, us",Tropical Storm,0
4662,AL101998,JEANNE,1998-09-24 06:00:00,1998,HU,15.9N,33.4W,103.57019999999999,971,1998-09-21 18:00:00,1998-09-30 18:00:00,9 days 00:00:00.000000000,,,,,,Category Two,2
5246,AL101999,HARVEY,1999-09-20 18:00:00,1999,TS,27.0N,85.5W,57.538999999999994,998,1999-09-20 00:00:00,1999-09-22 00:00:00,2 days 00:00:00.000000000,L,25.9,-81.7,57.538999999999994,"naples, us",Tropical Storm,0
5731,AL102000,FLORENCE,2000-09-16 18:00:00,2000,HU,36.1N,61.8W,80.5546,985,2000-09-11 12:00:00,2000-09-17 18:00:00,6 days 06:00:00.000000000,,,,,,Category One,1
6087,AL102001,HUMBERTO,2001-09-26 12:00:00,2001,HU,41.0N,59.2W,103.57019999999999,970,2001-09-22 12:00:00,2001-09-27 18:00:00,5 days 06:00:00.000000000,,,,,,Category Two,2
6417,AL102002,ISIDORE,2002-09-21 18:00:00,2002,HU,21.9N,86.1W,126.58579999999999,946,2002-09-18 06:00:00,2002-09-26 18:00:00,8 days 12:00:00.000000000,L,22.0,-84.1,86.3085,"guane, cu",Category Three,3
6917,AL102003,FABIAN,2003-09-01 18:00:00,2003,HU,19.0N,57.3W,143.8475,944,2003-08-28 12:00:00,2003-09-08 12:00:00,11 days 00:00:00.000000000,,,,,,Category Four,4
8423,AL102005,TEN,2005-08-18 12:00:00,2005,TS,43.3N,48.9W,57.538999999999994,992,2005-08-18 12:00:00,2005-08-18 12:00:00,0 days 00:00:00.000000000,,,,,,Tropical Storm,0
9219,AL102006,ISAAC,2006-10-01 00:00:00,2006,HU,32.0N,59.8W,86.3085,987,2006-09-28 06:00:00,2006-10-02 18:00:00,4 days 12:00:00.000000000,,,,,,Category One,1
10562,AL102008,JOSEPHINE,2008-09-03 06:00:00,2008,TS,13.6N,27.2W,63.292899999999996,994,2008-09-02 06:00:00,2008-09-05 18:00:00,3 days 12:00:00.000000000,,,,,,Tropical Storm,0
10737,AL102009,HENRI,2009-10-07 06:00:00,2009,TS,18.3N,55.7W,51.78509999999999,1005,2009-10-06 06:00:00,2009-10-08 00:00:00,1 days 18:00:00.000000000,,,,,,Tropical Storm,0
10989,AL102010,HERMINE,2010-09-07 02:00:00,2010,TS,25.3N,97.4W,69.04679999999999,989,2010-09-06 06:00:00,2010-09-07 18:00:00,1 days 12:00:00.000000000,L,25.3,-97.4,69.04679999999999,"valle hermoso, mx",Tropical Storm,0
12366,AL102012,JOYCE,2012-08-23 12:00:00,2012,TS,14.8N,41.1W,40.2773,1007,2012-08-23 12:00:00,2012-08-23 18:00:00,0 days 06:00:00.000000000,,,,,,Tropical Storm,0
12761,AL102013,INGRID,2013-09-15 00:00:00,2013,HU,21.6N,94.7W,86.3085,983,2013-09-13 12:00:00,2013-09-16 18:00:00,3 days 06:00:00.000000000,L,23.7,-97.7,63.292899999999996,"soto la marina, mx",Category One,1
13195,AL102015,IDA,2015-09-21 06:00:00,2015,TS,19.7N,47.3W,51.78509999999999,1002,2015-09-19 00:00:00,2015-09-24 00:00:00,5 days 00:00:00.000000000,,,,,,Tropical Storm,0
13507,AL102016,IAN,2016-09-16 06:00:00,2016,TS,44.0N,42.8W,57.538999999999994,994,2016-09-12 06:00:00,2016-09-16 06:00:00,4 days 00:00:00.000000000,,,,,,Tropical Storm,0
178,AL111984,EDOUARD,1984-09-15 00:00:00,1984,TS,20.3N,95.8W,63.292899999999996,998,1984-09-14 06:00:00,1984-09-15 00:00:00,0 days 18:00:00.000000000,,,,,,Tropical Storm,0
516,AL111985,ISABEL,1985-10-08 18:00:00,1985,TS,26.3N,72.0W,69.04679999999999,1002,1985-10-07 06:00:00,1985-10-10 21:00:00,3 days 15:00:00.000000000,L,30.6,-81.4,40.2773,"fernandina beach, us",Tropical Storm,0
1177,AL111988,JOAN,1988-10-22 06:00:00,1988,HU,11.9N,83.2W,143.8475,932,1988-10-11 06:00:00,1988-10-23 06:00:00,12 days 00:00:00.000000000,L,12.1,-61.8,51.78509999999999,"gouyave, gd",Category Four,4
1495,AL111989,HUGO,1989-09-15 18:00:00,1989,HU,14.6N,54.6W,161.1092,918,1989-09-11 18:00:00,1989-09-22 18:00:00,11 days 00:00:00.000000000,L,16.3,-61.3,138.09359999999998,"le moule, gp",Category Five,5
2118,AL111991,GRACE,1991-10-29 14:00:00,1991,HU,31.5N,61.8W,103.57019999999999,982,1991-10-27 18:00:00,1991-10-29 14:00:00,1 days 20:00:00.000000000,,,,,,Category Two,2
2760,AL111994,FLORENCE,1994-11-08 00:00:00,1994,HU,37.0N,49.9W,109.32409999999999,972,1994-11-04 00:00:00,1994-11-08 18:00:00,4 days 18:00:00.000000000,,,,,,Category Two,2
3274,AL111995,JERRY,1995-08-23 12:00:00,1995,TS,26.4N,79.7W,40.2773,1008,1995-08-23 12:00:00,1995-08-24 12:00:00,1 days 00:00:00.000000000,L,27.0,-80.2,40.2773,"hobe sound, us",Tropical Storm,0
3844,AL111996,KYLE,1996-10-11 18:00:00,1996,TS,16.9N,87.1W,51.78509999999999,1002,1996-10-11 18:00:00,1996-10-12 06:00:00,0 days 12:00:00.000000000,,,,,,Tropical Storm,0
4701,AL111998,KARL,1998-09-27 00:00:00,1998,HU,33.9N,47.3W,103.57019999999999,970,1998-09-24 00:00:00,1998-09-28 00:00:00,4 days 00:00:00.000000000,,,,,,Category Two,2
5742,AL112000,GORDON,2000-09-17 06:00:00,2000,HU,26.1N,84.9W,80.5546,981,2000-09-16 00:00:00,2000-09-18 06:00:00,2 days 06:00:00.000000000,L,29.3,-83.2,63.292899999999996,"gainesville, us",Category One,1
6108,AL112001,IRIS,2001-10-09 00:00:00,2001,HU,16.5N,88.0W,143.8475,948,2001-09-27 18:00:00,2001-10-09 06:00:00,11 days 12:00:00.000000000,L,16.3,-88.4,143.8475,"punta gorda, bz",Category Four,4
6483,AL112002,JOSEPHINE,2002-09-18 06:00:00,2002,TS,34.7N,52.7W,40.2773,1009,2002-09-18 06:00:00,2002-09-19 06:00:00,1 days 00:00:00.000000000,,,,,,Tropical Storm,0
6945,AL112003,GRACE,2003-08-30 18:00:00,2003,TS,24.9N,93.3W,40.2773,1009,2003-08-30 18:00:00,2003-08-31 12:00:00,0 days 18:00:00.000000000,L,29.4,-95.1,40.2773,"santa fe, us",Tropical Storm,0
7955,AL112004,JEANNE,2004-09-25 18:00:00,2004,HU,26.9N,78.2W,120.83189999999999,952,2004-09-14 12:00:00,2004-09-27 12:00:00,13 days 00:00:00.000000000,L,18.0,-66.0,69.04679999999999,"patillas, us",Category Three,3
8426,AL112005,JOSE,2005-08-23 03:03:00,2005,TS,19.7N,96.4W,57.538999999999994,998,2005-08-22 18:00:00,2005-08-23 06:00:00,0 days 12:00:00.000000000,L,19.7,-96.4,57.538999999999994,"zempoala, mx",Tropical Storm,0
9372,AL112007,JERRY,2007-09-24 00:00:00,2007,TS,37.1N,46.3W,40.2773,1003,2007-09-24 00:00:00,2007-09-24 12:00:00,0 days 12:00:00.000000000,,,,,,Tropical Storm,0
10586,AL112008,KYLE,2008-09-28 12:00:00,2008,HU,39.4N,68.2W,86.3085,989,2008-09-25 06:00:00,2008-09-29 00:00:00,3 days 18:00:00.000000000,L,43.8,-66.2,74.80069999999999,"yarmouth, ca",Category One,1
10755,AL112009,IDA,2009-11-09 00:00:00,2009,HU,23.0N,86.5W,103.57019999999999,979,2009-11-04 12:00:00,2009-11-10 06:00:00,5 days 18:00:00.000000000,L,12.9,-83.6,80.5546,"laguna de perlas, ni",Category Two,2
11015,AL112010,IGOR,2010-09-15 00:00:00,2010,HU,18.9N,53.5W,155.3553,924,2010-09-08 12:00:00,2010-09-21 15:00:00,13 days 03:00:00.000000000,L,46.6,-53.2,86.3085,"bay roberts, ca",Category Four,4
11773,AL112011,JOSE,2011-08-28 06:00:00,2011,TS,29.8N,65.5W,46.0312,1007,2011-08-27 12:00:00,2011-08-28 18:00:00,1 days 06:00:00.000000000,,,,,,Tropical Storm,0
12377,AL112012,KIRK,2012-08-31 06:00:00,2012,HU,29.6N,50.7W,103.57019999999999,970,2012-08-29 00:00:00,2012-09-02 18:00:00,4 days 18:00:00.000000000,,,,,,Category Two,2
12773,AL112013,JERRY,2013-10-01 00:00:00,2013,TS,27.5N,43.9W,51.78509999999999,1005,2013-09-30 06:00:00,2013-10-03 12:00:00,3 days 06:00:00.000000000,,,,,,Tropical Storm,0
13267,AL112015,JOAQUIN,2015-10-03 12:00:00,2015,HU,25.4N,72.6W,155.3553,934,2015-09-29 00:00:00,2015-10-07 18:00:00,8 days 18:00:00.000000000,L,23.1,-73.7,132.3397,"cockburn town, bs",Category Four,4
13509,AL112016,JULIA,2016-09-13 18:00:00,2016,TS,29.0N,81.2W,51.78509999999999,1010,2016-09-13 12:00:00,2016-09-16 18:00:00,3 days 06:00:00.000000000,,,,,,Tropical Storm,0
14325,AL112017,IRMA,2017-09-05 18:00:00,2017,HU,16.9N,59.2W,178.37089999999998,926,2017-08-30 06:00:00,2017-09-12 00:00:00,12 days 18:00:00.000000000,L,17.7,-61.8,178.37089999999998,"codrington, ag",Category Five,5
183,AL121984,FRAN,1984-09-17 18:00:00,1984,TS,18.4N,27.1W,63.292899999999996,995,1984-09-16 18:00:00,1984-09-20 00:00:00,3 days 06:00:00.000000000,,,,,,Tropical Storm,0
534,AL121985,JUAN,1985-10-28 12:00:00,1985,HU,29.4N,92.0W,86.3085,972,1985-10-26 12:00:00,1985-11-01 06:00:00,5 days 18:00:00.000000000,L,29.5,-91.4,74.80069999999999,"morgan city, us",Category One,1
804,AL121987,EMILY,1987-09-22 18:00:00,1987,HU,16.7N,69.1W,126.58579999999999,958,1987-09-20 18:00:00,1987-09-26 12:00:00,5 days 18:00:00.000000000,L,18.3,-71.0,109.32409999999999,"barahona, do",Category Three,3
1203,AL121988,KEITH,1988-11-21 00:00:00,1988,TS,19.8N,86.1W,69.04679999999999,985,1988-10-23 06:00:00,1988-11-24 12:00:00,32 days 06:00:00.000000000,L,21.2,-86.8,69.04679999999999,"cancun, mx",Tropical Storm,0
1661,AL121989,IRIS,1989-09-19 12:00:00,1989,TS,19.2N,58.2W,69.04679999999999,1001,1989-09-18 00:00:00,1989-09-20 18:00:00,2 days 18:00:00.000000000,,,,,,Tropical Storm,0
1918,AL121990,JOSEPHINE,1990-10-05 18:00:00,1990,HU,34.1N,38.4W,86.3085,980,1990-09-24 12:00:00,1990-10-06 12:00:00,12 days 00:00:00.000000000,,,,,,Category One,1
2764,AL121994,GORDON,1994-11-08 18:00:00,1994,HU,44.2N,36.2W,86.3085,982,1994-11-08 18:00:00,1994-11-20 00:00:00,11 days 06:00:00.000000000,L,17.9,-76.8,40.2773,"portmore, jm",Category One,1
3281,AL121995,KAREN,1995-08-28 18:00:00,1995,TS,17.4N,43.6W,51.78509999999999,1001,1995-08-28 06:00:00,1995-09-02 06:00:00,5 days 00:00:00.000000000,,,,,,Tropical Storm,0
3862,AL121996,LILI,1996-10-19 12:00:00,1996,HU,24.4N,74.0W,115.07799999999999,960,1996-10-16 06:00:00,1996-10-27 00:00:00,10 days 18:00:00.000000000,L,22.3,-82.0,97.8163,"batabano, cu",Category Three,3
4723,AL121998,LISA,1998-10-09 12:00:00,1998,HU,41.6N,38.7W,74.80069999999999,995,1998-10-05 06:00:00,1998-10-09 18:00:00,4 days 12:00:00.000000000,,,,,,Category One,1
5750,AL122000,HELENE,2000-09-21 18:00:00,2000,TS,27.1N,87.1W,69.04679999999999,999,2000-09-21 06:00:00,2000-09-25 18:00:00,4 days 12:00:00.000000000,L,30.5,-86.6,40.2773,"wright, us",Tropical Storm,0
6113,AL122001,JERRY,2001-10-07 12:00:00,2001,TS,11.7N,57.7W,51.78509999999999,1007,2001-10-07 00:00:00,2001-10-08 12:00:00,1 days 12:00:00.000000000,,,,,,Tropical Storm,0
6516,AL122002,KYLE,2002-09-26 12:00:00,2002,HU,27.9N,58.3W,86.3085,982,2002-09-23 00:00:00,2002-10-12 12:00:00,19 days 12:00:00.000000000,L,33.0,-79.5,40.2773,"mount pleasant, us",Category One,1
6952,AL122003,HENRI,2003-09-05 18:00:00,2003,TS,28.3N,84.2W,57.538999999999994,997,2003-09-05 06:00:00,2003-09-05 18:00:00,0 days 12:00:00.000000000,,,,,,Tropical Storm,0
8009,AL122004,KARL,2004-09-21 06:00:00,2004,HU,19.6N,47.3W,143.8475,938,2004-09-16 18:00:00,2004-09-24 18:00:00,8 days 00:00:00.000000000,,,,,,Category Four,4
8482,AL122005,KATRINA,2005-08-28 18:00:00,2005,HU,26.3N,88.6W,172.617,902,2005-08-24 12:00:00,2005-08-30 06:00:00,5 days 18:00:00.000000000,L,26.0,-80.1,80.5546,"hollywood, us",Category Five,5
9380,AL122007,KAREN,2007-09-26 12:00:00,2007,HU,11.7N,42.4W,74.80069999999999,988,2007-09-25 06:00:00,2007-09-29 00:00:00,3 days 18:00:00.000000000,,,,,,Category One,1
10589,AL122008,LAURA,2008-09-30 12:00:00,2008,TS,40.6N,48.9W,57.538999999999994,996,2008-09-30 12:00:00,2008-10-01 06:00:00,0 days 18:00:00.000000000,,,,,,Tropical Storm,0
11054,AL122010,JULIA,2010-09-15 12:00:00,2010,HU,17.7N,32.2W,138.09359999999998,948,2010-09-12 18:00:00,2010-09-20 12:00:00,7 days 18:00:00.000000000,,,,,,Category Four,4
11804,AL122011,KATIA,2011-09-06 00:00:00,2011,HU,25.6N,64.0W,138.09359999999998,942,2011-08-30 00:00:00,2011-09-10 06:00:00,11 days 06:00:00.000000000,,,,,,Category Four,4
12412,AL122012,LESLIE,2012-09-05 12:00:00,2012,HU,25.6N,62.8W,80.5546,982,2012-08-30 12:00:00,2012-09-11 06:00:00,11 days 18:00:00.000000000,,,,,,Category One,1
12785,AL122013,KAREN,2013-10-03 12:00:00,2013,TS,22.1N,87.4W,63.292899999999996,1004,2013-10-03 06:00:00,2013-10-05 18:00:00,2 days 12:00:00.000000000,,,,,,Tropical Storm,0
13330,AL122015,KATE,2015-11-11 12:00:00,2015,HU,36.2N,62.5W,86.3085,980,2015-11-09 06:00:00,2015-11-11 18:00:00,2 days 12:00:00.000000000,,,,,,Category One,1
13556,AL122016,KARL,2016-09-25 06:00:00,2016,TS,35.8N,55.1W,69.04679999999999,990,2016-09-15 06:00:00,2016-09-25 06:00:00,10 days 00:00:00.000000000,,,,,,Tropical Storm,0
14569,AL122017,JOSE,2017-09-08 18:00:00,2017,HU,16.4N,57.8W,155.3553,939,2017-09-05 12:00:00,2017-09-22 12:00:00,17 days 00:00:00.000000000,,,,,,Category Four,4
193,AL131984,GUSTAV,1984-09-18 18:00:00,1984,TS,32.1N,64.7W,51.78509999999999,1006,1984-09-18 18:00:00,1984-09-19 06:00:00,0 days 12:00:00.000000000,,,,,,Tropical Storm,0
570,AL131985,KATE,1985-11-20 12:00:00,1985,HU,25.2N,85.3W,120.83189999999999,956,1985-11-15 18:00:00,1985-11-23 12:00:00,7 days 18:00:00.000000000,L,30.0,-85.4,97.8163,"callaway, us",Category Three,3
848,AL131987,FLOYD,1987-10-12 12:00:00,1987,HU,24.0N,82.9W,74.80069999999999,993,1987-10-10 12:00:00,1987-10-13 12:00:00,3 days 00:00:00.000000000,L,25.1,-80.5,74.80069999999999,"key largo, us",Category One,1
1930,AL131990,KLAUS,1990-10-05 12:00:00,1990,HU,17.2N,61.2W,80.5546,985,1990-10-03 18:00:00,1990-10-09 12:00:00,5 days 18:00:00.000000000,,,,,,Category One,1
3321,AL131995,LUIS,1995-09-03 06:00:00,1995,HU,17.4N,51.8W,138.09359999999998,948,1995-08-29 00:00:00,1995-09-11 06:00:00,13 days 06:00:00.000000000,L,17.5,-61.7,132.3397,"codrington, ag",Category Four,4
3897,AL131996,MARCO,1996-11-20 06:00:00,1996,HU,13.8N,78.5W,74.80069999999999,983,1996-11-19 06:00:00,1996-11-26 06:00:00,7 days 00:00:00.000000000,,,,,,Category One,1
4773,AL131998,MITCH,1998-10-26 18:00:00,1998,HU,16.9N,83.1W,178.37089999999998,905,1998-10-22 18:00:00,1998-11-05 12:00:00,13 days 18:00:00.000000000,L,15.9,-85.7,80.5546,"santa rosa de aguan, hn",Category Five,5
5342,AL131999,IRENE,1999-10-18 06:00:00,1999,HU,34.8N,75.2W,109.32409999999999,964,1999-10-13 12:00:00,1999-10-19 00:00:00,5 days 12:00:00.000000000,L,21.3,-82.9,69.04679999999999,"santa fe, cu",Category Two,2
5791,AL132000,ISAAC,2000-09-28 18:00:00,2000,HU,26.6N,54.2W,138.09359999999998,943,2000-09-22 00:00:00,2000-10-01 12:00:00,9 days 12:00:00.000000000,,,,,,Category Four,4
6122,AL132001,KAREN,2001-10-14 06:00:00,2001,HU,38.6N,63.7W,80.5546,982,2001-10-13 06:00:00,2001-10-15 12:00:00,2 days 06:00:00.000000000,L,44.2,-64.8,46.0312,"liverpool, ca",Category One,1
6756,AL132002,LILI,2002-10-02 20:01:03,2002,HU,25.9N,89.9W,143.8475,938,2002-09-23 00:00:00,2002-10-12 12:00:00,19 days 12:00:00.000000000,L,19.7,-79.8,74.80069999999999,"bodden town, ky",Category Four,4
6975,AL132003,ISABEL,2003-09-11 18:00:00,2003,HU,21.5N,54.8W,166.86309999999997,915,2003-09-06 06:00:00,2003-09-19 06:00:00,13 days 00:00:00.000000000,L,34.9,-76.2,103.57019999999999,"havelock, us",Category Five,5
8067,AL132004,LISA,2004-10-02 06:00:00,2004,HU,40.3N,41.6W,74.80069999999999,987,2004-09-20 12:00:00,2004-10-03 00:00:00,12 days 12:00:00.000000000,,,,,,Category One,1
8509,AL132005,LEE,2005-08-31 12:00:00,2005,TS,29.0N,50.4W,40.2773,1006,2005-08-31 12:00:00,2005-08-31 18:00:00,0 days 06:00:00.000000000,,,,,,Tropical Storm,0
9393,AL132007,LORENZO,2007-09-28 00:00:00,2007,HU,20.5N,96.3W,80.5546,990,2007-09-27 12:00:00,2007-09-28 06:00:00,0 days 18:00:00.000000000,L,20.5,-97.0,74.80069999999999,"tecolutla, mx",Category One,1
10595,AL132008,MARCO,2008-10-07 00:00:00,2008,TS,19.7N,95.2W,63.292899999999996,998,2008-10-06 12:00:00,2008-10-07 12:00:00,1 days 00:00:00.000000000,L,19.9,-96.5,63.292899999999996,"emilio carranza, mx",Tropical Storm,0
11099,AL132010,KARL,2010-09-17 12:00:00,2010,HU,19.6N,95.6W,126.58579999999999,956,2010-09-14 18:00:00,2010-09-18 00:00:00,3 days 06:00:00.000000000,L,18.5,-87.8,63.292899999999996,"calderitas, mx",Category Three,3
11825,AL132011,LEE,2011-09-03 06:00:00,2011,TS,28.5N,91.8W,51.78509999999999,997,2011-09-02 12:00:00,2011-09-03 06:00:00,0 days 18:00:00.000000000,,,,,,Tropical Storm,0
12445,AL132012,MICHAEL,2012-09-06 12:00:00,2012,HU,29.9N,41.4W,115.07799999999999,964,2012-09-04 06:00:00,2012-09-11 12:00:00,7 days 06:00:00.000000000,,,,,,Category Three,3
12800,AL132013,LORENZO,2013-10-22 12:00:00,2013,TS,29.4N,52.4W,51.78509999999999,1000,2013-10-21 12:00:00,2013-10-23 18:00:00,2 days 06:00:00.000000000,,,,,,Tropical Storm,0
13560,AL132016,LISA,2016-09-21 06:00:00,2016,TS,17.2N,31.7W,51.78509999999999,1002,2016-09-20 12:00:00,2016-09-24 18:00:00,4 days 06:00:00.000000000,,,,,,Tropical Storm,0
14635,AL132017,KATIA,2017-09-08 18:00:00,2017,HU,21.1N,96.2W,103.57019999999999,972,2017-09-06 06:00:00,2017-09-09 06:00:00,3 days 00:00:00.000000000,L,20.6,-97.1,74.80069999999999,"tecolutla, mx",Category Two,2
201,AL141984,HORTENSE,1984-09-25 18:00:00,1984,HU,29.7N,60.8W,74.80069999999999,996,1984-09-19 06:00:00,1984-10-02 18:00:00,13 days 12:00:00.000000000,,,,,,Category One,1
1680,AL141989,JERRY,1989-10-16 00:00:00,1989,HU,29.1N,95.0W,86.3085,983,1989-10-13 00:00:00,1989-10-16 06:00:00,3 days 06:00:00.000000000,L,29.2,-95.0,86.3085,"la marque, us",Category One,1
1946,AL141990,LILI,1990-10-11 00:00:00,1990,HU,31.2N,55.9W,74.80069999999999,987,1990-10-09 12:00:00,1990-10-14 18:00:00,5 days 06:00:00.000000000,,,,,,Category One,1
4882,AL141998,NICOLE,1998-12-01 00:00:00,1998,HU,35.1N,37.9W,86.3085,979,1998-11-24 06:00:00,1998-12-01 12:00:00,7 days 06:00:00.000000000,,,,,,Category One,1
5380,AL141999,JOSE,1999-10-20 12:00:00,1999,HU,16.8N,61.1W,97.8163,980,1999-10-18 06:00:00,1999-10-25 06:00:00,7 days 00:00:00.000000000,L,17.1,-61.7,92.0624,"freetown, ag",Category Two,2
5812,AL142000,JOYCE,2000-09-28 06:00:00,2000,HU,12.2N,42.5W,92.0624,975,2000-09-26 00:00:00,2000-10-01 12:00:00,5 days 12:00:00.000000000,,,,,,Category One,1
6128,AL142001,LORENZO,2001-10-30 00:00:00,2001,TS,28.5N,44.6W,40.2773,1007,2001-10-30 00:00:00,2001-10-31 06:00:00,1 days 06:00:00.000000000,,,,,,Tropical Storm,0
8072,AL142004,MATTHEW,2004-10-09 00:00:00,2004,TS,24.6N,93.7W,46.0312,1000,2004-10-08 18:00:00,2004-10-10 11:00:00,1 days 17:00:00.000000000,L,29.2,-91.0,40.2773,"houma, us",Tropical Storm,0
8525,AL142005,MARIA,2005-09-06 00:00:00,2005,HU,32.6N,56.6W,115.07799999999999,962,2005-09-02 12:00:00,2005-09-10 06:00:00,7 days 18:00:00.000000000,,,,,,Category Three,3
9396,AL142007,MELISSA,2007-09-29 06:00:00,2007,TS,14.5N,27.4W,40.2773,1006,2007-09-29 06:00:00,2007-09-30 00:00:00,0 days 18:00:00.000000000,,,,,,Tropical Storm,0
10598,AL142008,NANA,2008-10-12 12:00:00,2008,TS,16.0N,37.1W,40.2773,1006,2008-10-12 12:00:00,2008-10-13 06:00:00,0 days 18:00:00.000000000,,,,,,Tropical Storm,0
11123,AL142010,LISA,2010-09-25 00:00:00,2010,HU,20.4N,27.8W,86.3085,982,2010-09-21 00:00:00,2010-09-26 06:00:00,5 days 06:00:00.000000000,,,,,,Category One,1
11858,AL142011,MARIA,2011-09-16 00:00:00,2011,HU,36.8N,64.8W,80.5546,984,2011-09-07 00:00:00,2011-09-16 18:03:00,9 days 18:03:00.000000000,L,47.0,-53.5,69.04679999999999,"bay roberts, ca",Category One,1
12535,AL142012,NADINE,2012-09-30 12:00:00,2012,HU,36.8N,38.3W,92.0624,978,2012-09-12 00:00:00,2012-10-03 18:00:00,21 days 18:00:00.000000000,,,,,,Category One,1
12811,AL142013,MELISSA,2013-11-21 12:00:00,2013,TS,39.9N,36.6W,63.292899999999996,980,2013-11-20 06:00:00,2013-11-21 18:00:00,1 days 12:00:00.000000000,,,,,,Tropical Storm,0
13615,AL142016,MATTHEW,2016-10-01 00:00:00,2016,HU,13.4N,71.9W,166.86309999999997,942,2016-09-28 12:00:00,2016-10-09 06:00:00,10 days 18:00:00.000000000,L,18.3,-74.3,149.60139999999998,"jeremie, ht",Category Five,5
14664,AL142017,LEE,2017-09-27 12:00:00,2017,HU,30.3N,56.6W,115.07799999999999,963,2017-09-16 12:00:00,2017-09-30 00:00:00,13 days 12:00:00.000000000,,,,,,Category Three,3
234,AL151984,ISIDORE,1984-09-27 06:00:00,1984,TS,25.8N,79.1W,57.538999999999994,1000,1984-09-26 12:00:00,1984-10-02 18:00:00,6 days 06:00:00.000000000,,,,,,Tropical Storm,0
1685,AL151989,KAREN,1989-11-30 12:00:00,1989,TS,20.8N,83.4W,57.538999999999994,1001,1989-11-30 00:00:00,1989-12-04 00:00:00,4 days 00:00:00.000000000,,,,,,Tropical Storm,0
1966,AL151990,MARCO,1990-10-11 06:00:00,1990,TS,26.7N,82.6W,63.292899999999996,989,1990-10-10 06:00:00,1990-10-11 18:00:00,1 days 12:00:00.000000000,,,,,,Tropical Storm,0
3370,AL151995,MARILYN,1995-09-16 18:00:00,1995,HU,19.7N,66.4W,115.07799999999999,950,1995-09-13 00:00:00,1995-09-22 00:00:00,9 days 00:00:00.000000000,L,15.5,-61.3,80.5546,"marigot, dm",Category Three,3
5424,AL151999,KATRINA,1999-10-29 18:00:00,1999,TS,13.2N,82.9W,40.2773,1000,1999-10-29 18:00:00,1999-10-30 00:00:00,0 days 06:00:00.000000000,L,13.8,-83.4,40.2773,"puerto cabezas, ni",Tropical Storm,0
5844,AL152000,KEITH,2000-10-01 06:00:00,2000,HU,17.9N,87.2W,138.09359999999998,941,2000-09-29 18:00:00,2000-10-06 00:00:00,6 days 06:00:00.000000000,L,17.9,-88.0,74.80069999999999,"san pedro, bz",Category Four,4
6194,AL152001,MICHELLE,2001-11-04 06:00:00,2001,HU,20.1N,83.3W,138.09359999999998,944,2001-10-31 06:00:00,2001-11-05 18:00:00,5 days 12:00:00.000000000,L,21.5,-81.8,138.09359999999998,"santa fe, cu",Category Four,4
7018,AL152003,JUAN,2003-09-27 18:00:00,2003,HU,35.5N,63.2W,103.57019999999999,969,2003-09-25 00:00:00,2003-09-29 12:00:00,4 days 12:00:00.000000000,L,44.4,-63.8,97.8163,"halifax, ca",Category Two,2
8555,AL152005,NATE,2005-09-09 00:00:00,2005,HU,32.6N,61.1W,92.0624,979,2005-09-06 00:00:00,2005-09-10 12:00:00,4 days 12:00:00.000000000,,,,,,Category One,1
10611,AL152008,OMAR,2008-10-16 06:00:00,2008,HU,18.2N,63.9W,132.3397,958,2008-10-14 00:00:00,2008-10-18 06:00:00,4 days 06:00:00.000000000,,,,,,Category Four,4
11137,AL152010,MATTHEW,2010-09-24 18:00:00,2010,TS,14.6N,83.0W,57.538999999999994,998,2010-09-23 18:00:00,2010-09-25 15:00:00,1 days 21:00:00.000000000,L,14.7,-83.3,57.538999999999994,"iralaya, hn",Tropical Storm,0
11873,AL152011,NATE,2011-09-08 18:00:00,2011,HU,19.7N,92.3W,74.80069999999999,995,2011-09-07 18:00:00,2011-09-16 18:03:00,9 days 00:03:00.000000000,L,47.0,-53.5,69.04679999999999,"bay roberts, ca",Category One,1
12552,AL152012,OSCAR,2012-10-04 12:00:00,2012,TS,20.2N,42.0W,51.78509999999999,998,2012-10-03 18:00:00,2012-10-05 12:00:00,1 days 18:00:00.000000000,,,,,,Tropical Storm,0
13799,AL152016,NICOLE,2016-10-13 06:00:00,2016,HU,30.6N,66.2W,138.09359999999998,950,2016-10-04 06:00:00,2016-10-18 06:00:00,14 days 00:00:00.000000000,,,,,,Category Four,4
14703,AL152017,MARIA,2017-09-20 00:00:00,2017,HU,17.0N,64.3W,172.617,909,2017-09-16 18:00:00,2017-09-30 12:00:00,13 days 18:00:00.000000000,L,15.4,-61.3,166.86309999999997,"castle bruce, dm",Category Five,5
263,AL161984,JOSEPHINE,1984-10-12 00:00:00,1984,HU,31.4N,71.7W,103.57019999999999,970,1984-10-08 12:00:00,1984-10-18 12:00:00,10 days 00:00:00.000000000,,,,,,Category Two,2
1975,AL161990,NANA,1990-10-18 06:00:00,1990,HU,24.1N,63.8W,86.3085,990,1990-10-16 18:00:00,1990-10-20 18:00:00,4 days 00:00:00.000000000,,,,,,Category One,1
3398,AL161995,NOEL,1995-09-28 18:00:00,1995,HU,15.2N,42.6W,74.80069999999999,987,1995-09-27 12:00:00,1995-10-07 00:00:00,9 days 12:00:00.000000000,,,,,,Category One,1
5491,AL161999,LENNY,1999-11-17 18:00:00,1999,HU,17.4N,64.8W,155.3553,933,1999-11-14 12:00:00,1999-11-21 00:00:00,6 days 12:00:00.000000000,L,17.4,-64.8,155.3553,"vieques, us",Category Four,4
5904,AL162000,LESLIE,2000-10-06 06:00:00,2000,TS,30.6N,73.1W,46.0312,1006,2000-10-05 12:00:00,2000-10-07 12:00:00,2 days 00:00:00.000000000,,,,,,Tropical Storm,0
6226,AL162001,NOEL,2001-11-05 12:00:00,2001,HU,37.8N,50.3W,74.80069999999999,986,2001-11-05 12:00:00,2001-11-06 06:00:00,0 days 18:00:00.000000000,,,,,,Category One,1
7056,AL162003,KATE,2003-10-04 18:00:00,2003,HU,30.2N,54.0W,126.58579999999999,952,2003-09-27 18:00:00,2003-10-07 18:00:00,10 days 00:00:00.000000000,,,,,,Category Three,3
8079,AL162004,OTTO,2004-11-30 18:00:00,2004,TS,31.7N,51.0W,46.0312,997,2004-11-30 18:00:00,2004-12-02 06:00:00,1 days 12:00:00.000000000,,,,,,Tropical Storm,0
8578,AL162005,OPHELIA,2005-09-11 06:00:00,2005,HU,31.7N,75.9W,86.3085,978,2005-09-07 06:00:00,2005-09-17 18:00:00,10 days 12:00:00.000000000,,,,,,Category One,1
9484,AL162007,NOEL,2007-11-02 00:00:00,2007,HU,26.4N,76.5W,80.5546,981,2007-10-28 12:00:00,2007-11-02 18:00:00,5 days 06:00:00.000000000,L,18.1,-72.5,51.78509999999999,"jacmel, ht",Category One,1
11150,AL162010,NICOLE,2010-09-28 18:00:00,2010,TS,21.0N,82.7W,46.0312,999,2010-09-28 12:00:00,2010-09-29 12:00:00,1 days 00:00:00.000000000,,,,,,Tropical Storm,0
11934,AL162011,OPHELIA,2011-10-02 00:00:00,2011,HU,32.8N,62.5W,138.09359999999998,940,2011-09-21 00:00:00,2011-10-03 06:00:00,12 days 06:00:00.000000000,,,,,,Category Four,4
12557,AL162012,PATTY,2012-10-05 12:00:00,2012,TS,23.5N,37.8W,51.78509999999999,994,2012-10-05 12:00:00,2012-10-13 00:00:00,7 days 12:00:00.000000000,,,,,,Tropical Storm,0
13834,AL162016,OTTO,2016-11-24 12:00:00,2016,HU,11.0N,83.0W,115.07799999999999,975,2016-11-21 06:00:00,2016-11-26 06:00:00,5 days 00:00:00.000000000,L,11.0,-83.8,115.07799999999999,"pital, cr",Category Three,3
14820,AL162017,NATE,2017-10-07 12:00:00,2017,HU,25.7N,87.9W,92.0624,986,2017-10-05 06:00:00,2017-10-08 12:00:00,3 days 06:00:00.000000000,L,13.9,-83.5,40.2773,"puerto cabezas, ni",Category One,1
3448,AL171995,OPAL,1995-10-04 10:00:00,1995,HU,26.6N,88.8W,149.60139999999998,916,1995-09-30 12:00:00,1995-10-05 06:00:00,4 days 18:00:00.000000000,L,30.3,-87.1,115.07799999999999,"pensacola, us",Category Four,4
5921,AL172000,MICHAEL,2000-10-19 18:00:00,2000,HU,44.0N,58.5W,97.8163,965,2000-10-17 00:00:00,2000-10-19 18:00:00,2 days 18:00:00.000000000,,,,,,Category Two,2
6241,AL172001,OLGA,2001-11-27 06:00:00,2001,HU,32.6N,57.0W,92.0624,973,2001-11-24 12:00:00,2001-12-03 18:00:00,9 days 06:00:00.000000000,,,,,,Category One,1
7074,AL172003,LARRY,2003-10-03 00:00:00,2003,TS,20.5N,94.0W,63.292899999999996,993,2003-10-01 18:00:00,2003-10-06 00:00:00,4 days 06:00:00.000000000,L,18.4,-93.5,57.538999999999994,"tecolutilla, mx",Tropical Storm,0
8614,AL172005,PHILIPPE,2005-09-20 00:00:00,2005,HU,17.7N,56.6W,80.5546,985,2005-09-17 18:00:00,2005-09-23 06:00:00,5 days 12:00:00.000000000,,,,,,Category One,1
9500,AL172007,OLGA,2007-12-11 18:00:00,2007,TS,18.5N,68.4W,57.538999999999994,1003,2007-12-11 18:00:00,2007-12-12 12:00:00,0 days 18:00:00.000000000,L,18.5,-68.4,57.538999999999994,"higuey, do",Tropical Storm,0
10629,AL172008,PALOMA,2008-11-08 12:00:00,2008,HU,19.8N,79.6W,143.8475,944,2008-11-06 06:00:00,2008-11-09 12:00:00,3 days 06:00:00.000000000,L,20.7,-78.0,97.8163,"santa cruz del sur, cu",Category Four,4
11160,AL172010,OTTO,2010-10-09 00:00:00,2010,HU,27.2N,61.7W,86.3085,976,2010-10-07 12:00:00,2010-10-10 00:00:00,2 days 12:00:00.000000000,,,,,,Category One,1
11987,AL172011,PHILIPPE,2011-10-06 18:00:00,2011,HU,28.2N,59.7W,92.0624,977,2011-09-24 12:00:00,2011-10-08 12:00:00,14 days 00:00:00.000000000,,,,,,Category One,1
12579,AL172012,RAFAEL,2012-10-16 00:00:00,2012,HU,24.6N,65.6W,92.0624,974,2012-10-12 18:00:00,2012-10-17 12:00:00,4 days 18:00:00.000000000,,,,,,Category One,1
14859,AL172017,OPHELIA,2017-10-14 12:00:00,2017,HU,34.2N,27.7W,115.07799999999999,959,2017-10-09 06:00:00,2017-10-15 18:00:00,6 days 12:00:00.000000000,,,,,,Category Three,3
298,AL181984,KLAUS,1984-11-08 18:00:00,1984,HU,19.9N,61.4W,92.0624,984,1984-11-06 18:00:00,1984-11-12 12:00:00,5 days 18:00:00.000000000,,,,,,Category One,1
3456,AL181995,PABLO,1995-10-06 00:00:00,1995,TS,11.5N,41.9W,57.538999999999994,997,1995-10-05 12:00:00,1995-10-08 06:00:00,2 days 18:00:00.000000000,,,,,,Tropical Storm,0
5924,AL182000,NADINE,2000-10-21 00:00:00,2000,TS,32.4N,55.2W,57.538999999999994,999,2000-10-20 12:00:00,2000-10-21 18:00:00,1 days 06:00:00.000000000,,,,,,Tropical Storm,0
7088,AL182003,MINDY,2003-10-10 18:00:00,2003,TS,19.1N,68.8W,46.0312,1004,2003-10-10 18:00:00,2003-10-12 00:00:00,1 days 06:00:00.000000000,,,,,,Tropical Storm,0
8642,AL182005,RITA,2005-09-22 03:00:00,2005,HU,24.7N,87.3W,178.37089999999998,895,2005-09-18 18:00:00,2005-09-25 00:00:00,6 days 06:00:00.000000000,L,29.7,-93.7,115.07799999999999,"port arthur, us",Category Five,5
11177,AL182010,PAULA,2010-10-12 18:00:00,2010,HU,18.8N,85.9W,103.57019999999999,981,2010-10-11 06:00:00,2010-10-15 00:00:00,3 days 18:00:00.000000000,L,15.0,-83.2,51.78509999999999,"iralaya, hn",Category Two,2
12002,AL182011,RINA,2011-10-25 18:00:00,2011,HU,17.3N,84.2W,115.07799999999999,971,2011-10-24 00:00:00,2011-10-28 12:00:00,4 days 12:00:00.000000000,L,20.5,-87.2,57.538999999999994,"playa del carmen, mx",Category Three,3
12608,AL182012,SANDY,2012-10-25 05:02:05,2012,HU,20.0N,76.0W,115.07799999999999,954,2012-10-22 18:00:00,2012-10-29 18:00:00,7 days 00:00:00.000000000,L,17.9,-76.6,86.3085,"morant bay, jm",Category Three,3
14865,AL182017,PHILIPPE,2017-10-28 18:00:00,2017,TS,21.3N,82.4W,40.2773,1000,2017-10-28 18:00:00,2017-10-28 22:00:00,0 days 04:00:00.000000000,L,22.2,-81.6,40.2773,"alacranes, cu",Tropical Storm,0
3474,AL191995,ROXANNE,1995-10-10 21:05:02,1995,HU,20.0N,86.7W,115.07799999999999,956,1995-10-09 00:00:00,1995-10-18 18:00:00,9 days 18:00:00.000000000,L,20.0,-87.6,115.07799999999999,"tulum, mx",Category Three,3
7105,AL192003,NICHOLAS,2003-10-17 12:00:00,2003,TS,15.5N,48.0W,69.04679999999999,990,2003-10-14 18:00:00,2003-10-23 00:00:00,8 days 06:00:00.000000000,,,,,,Tropical Storm,0
11213,AL192010,RICHARD,2010-10-25 00:00:00,2010,HU,17.2N,88.2W,97.8163,977,2010-10-21 12:00:00,2010-10-25 12:00:00,4 days 00:00:00.000000000,L,17.2,-88.3,97.8163,"dangriga, bz",Category Two,2
12018,AL192011,SEAN,2011-11-09 12:00:00,2011,TS,27.9N,70.4W,63.292899999999996,994,2011-11-08 18:00:00,2011-11-11 18:00:00,3 days 00:00:00.000000000,,,,,,Tropical Storm,0
12652,AL192012,TONY,2012-10-24 12:00:00,2012,TS,27.9N,46.8W,51.78509999999999,1000,2012-10-24 00:00:00,2012-10-25 12:00:00,1 days 12:00:00.000000000,,,,,,Tropical Storm,0
14872,AL192017,RINA,2017-11-08 06:00:00,2017,TS,36.4N,48.7W,57.538999999999994,996,2017-11-07 00:00:00,2017-11-09 00:00:00,2 days 00:00:00.000000000,,,,,,Tropical Storm,0
314,AL201984,LILI,1984-12-20 12:00:00,1984,HU,31.1N,52.4W,80.5546,980,1984-12-20 12:00:00,1984-12-24 00:00:00,3 days 12:00:00.000000000,,,,,,Category One,1
3515,AL201995,SEBASTIEN,1995-10-22 18:00:00,1995,TS,21.5N,58.5W,63.292899999999996,1001,1995-10-21 00:00:00,1995-10-23 18:00:00,2 days 18:00:00.000000000,,,,,,Tropical Storm,0
7134,AL202003,ODETTE,2003-12-06 06:00:00,2003,TS,15.9N,72.5W,63.292899999999996,995,2003-12-04 18:00:00,2003-12-07 12:00:00,2 days 18:00:00.000000000,L,17.8,-71.5,57.538999999999994,"pedernales, do",Tropical Storm,0
8674,AL202005,STAN,2005-10-04 12:00:00,2005,HU,18.6N,94.9W,80.5546,977,2005-10-02 06:00:00,2005-10-04 18:00:00,2 days 12:00:00.000000000,L,19.6,-87.5,40.2773,"tulum, mx",Category One,1
11221,AL202010,SHARY,2010-10-30 00:00:00,2010,HU,31.3N,64.0W,74.80069999999999,990,2010-10-29 00:00:00,2010-10-30 12:00:00,1 days 12:00:00.000000000,,,,,,Category One,1
3533,AL211995,TANYA,1995-10-30 18:00:00,1995,HU,33.8N,51.8W,86.3085,977,1995-10-27 12:00:00,1995-11-01 18:00:00,5 days 06:00:00.000000000,,,,,,Category One,1
7143,AL212003,PETER,2003-12-09 18:00:00,2003,TS,21.0N,37.0W,69.04679999999999,990,2003-12-09 06:00:00,2003-12-10 06:00:00,1 days 00:00:00.000000000,,,,,,Tropical Storm,0
11245,AL212010,TOMAS,2010-10-30 20:00:00,2010,HU,13.4N,61.2W,97.8163,987,2010-10-29 12:00:00,2010-11-07 18:00:00,9 days 06:00:00.000000000,L,13.0,-59.5,69.04679999999999,"oistins, bb",Category Two,2
8680,AL222005,TAMMY,2005-10-05 18:00:00,2005,TS,29.5N,80.9W,51.78509999999999,1001,2005-10-05 06:00:00,2005-10-06 06:00:00,1 days 00:00:00.000000000,L,30.4,-81.4,51.78509999999999,"atlantic beach, us",Tropical Storm,0
8685,AL242005,VINCE,2005-10-09 18:00:00,2005,HU,34.1N,18.9W,74.80069999999999,988,2005-10-09 12:00:00,2005-10-10 18:00:00,1 days 06:00:00.000000000,,,,,,Category One,1
8717,AL252005,WILMA,2005-10-19 12:00:00,2005,HU,17.3N,82.8W,184.1248,882,2005-10-17 06:00:00,2005-10-25 18:00:00,8 days 12:00:00.000000000,L,20.6,-86.8,149.60139999999998,"cozumel, mx",Category Five,5
8805,AL262005,ALPHA,2005-10-23 00:00:00,2005,TS,17.3N,69.6W,51.78509999999999,1000,2005-10-22 18:00:00,2005-10-23 12:00:00,0 days 18:00:00.000000000,L,18.3,-71.3,51.78509999999999,"cabral, do",Tropical Storm,0
8821,AL272005,BETA,2005-10-30 06:00:00,2005,HU,13.3N,83.1W,115.07799999999999,962,2005-10-27 06:00:00,2005-10-30 18:00:00,3 days 12:00:00.000000000,L,12.9,-83.5,103.57019999999999,"laguna de perlas, ni",Category Three,3
8829,AL282005,GAMMA,2005-11-19 12:00:00,2005,TS,16.1N,85.4W,51.78509999999999,1002,2005-11-15 06:00:00,2005-11-20 06:00:00,5 days 00:00:00.000000000,,,,,,Tropical Storm,0
8837,AL292005,DELTA,2005-11-24 12:00:00,2005,TS,24.8N,39.0W,69.04679999999999,980,2005-11-23 12:00:00,2005-11-28 06:00:00,4 days 18:00:00.000000000,,,,,,Tropical Storm,0
8877,AL302005,EPSILON,2005-12-05 06:00:00,2005,HU,34.0N,36.7W,86.3085,981,2005-11-29 06:00:00,2005-12-08 06:00:00,9 days 00:00:00.000000000,,,,,,Category One,1
8900,AL312005,ZETA,2006-01-01 18:00:00,2006,TS,25.0N,38.6W,63.292899999999996,994,2005-12-30 06:00:00,2006-01-06 00:00:00,6 days 18:00:00.000000000,,,,,,Tropical Storm,0
